time	x_LK	y_LK	x_RK	y_RK	x_LA	y_LA	x_RA	y_RA	x_LW	y_LW	x_RW	y_RW	
2.554195	165.806139	415.4902572	171.7534047	420.0551739	167.4040917	512.8077122	167.473648	512.0098948	139.5518452	311.5222025	130.8823071	305.1783082	10.74271319
2.637585	153.0423912	414.7688929	175.5675272	420.1326909	162.135195	507.188032	176.8335246	510.5381353	134.4805599	311.3463643	162.6341728	306.0032375	28.65614984
3.127359	150.936379	408.8827669	171.0331043	416.250114	159.5465064	502.5763011	172.2254035	502.3632433	136.6877432	311.2899365	160.2270603	306.093389	24.10608957
3.308586	154.9802978	413.8952304	167.4844396	416.0331803	160.703011	502.1315661	172.2843393	506.1806907	137.7771614	312.1288113	132.8288204	302.0420796	11.23513392
3.394827	156.9764561	414.6433457	169.4077167	417.3084494	160.1760662	506.9350377	172.9780216	508.801108	135.5974511	311.9846448	135.7417125	308.6009887	3.38672995
3.499467	156.6039564	413.0378693	177.0431435	414.2373693	159.7187538	501.2382964	174.6803183	499.270732	134.8266507	310.8517183	135.7935235	305.9325602	5.013278329
3.535052	148.178122	412.2183548	182.8009864	412.4049656	149.26963	502.3616093	177.4754339	500.7441634	130.9997416	307.7742165	163.1381855	303.5533955	32.41442433
3.582449	145.8995015	413.7816908	181.6530125	415.6941573	145.6391165	501.4136977	178.4538584	502.2243586	118.7598796	303.8780171	168.281573	307.7012023	49.66905333
3.612075	138.7029768	410.9355241	171.9569819	414.3560767	134.5483113	497.475035	173.1067417	497.2592792	109.165761	296.1559346	171.9074698	301.9407755	63.00782806
3.646716	140.7930675	404.9754529	178.5471068	404.5375198	142.865641	499.0748875	181.2221091	500.8091409	108.9896188	295.9073672	144.454075	283.4068922	37.60305208
3.676716	125.4293265	400.5050386	179.298091	408.4060372	146.0834334	493.6953201	180.1796191	498.0042786	101.2402724	284.295944	153.5752827	273.1582297	53.50702745
3.735983	142.0242963	403.2410475	173.3978295	411.2476441	181.3410065	497.290894	136.7613844	483.4209326	90.63117476	269.9015838	154.635518	269.8254917	64.00438846
3.766485	162.3484238	412.55221	174.895827	411.2860606	164.6684247	488.4199447	169.9170872	500.390435	120.0570358	261.3184354	159.3771849	264.4610857	39.44553684
3.809885	161.3709114	412.1418258	204.1098462	418.1215801	173.879765	502.2083232	174.0384279	499.8075374	134.2937971	255.8357019	164.3527899	257.3468659	30.09695434
3.843714	164.1160969	414.453505	201.2740151	421.7748738	175.1229063	503.7150413	197.9511947	500.6571468	130.8483744	246.0774866	162.7403788	254.7236366	33.04324214
3.882169	166.4173836	409.1385731	180.5266978	407.5303988	173.6642183	504.4336697	173.1463742	501.0809825	145.9973097	250.2311831	163.6623754	258.5951559	19.5450911
3.911999	167.8439248	411.1473659	182.5747431	410.1603538	171.7431261	506.5263254	168.1557788	503.6858585	144.5037771	245.2834881	163.8405125	257.447752	22.84466359
3.950884	159.7781075	398.6833126	182.7048881	406.6523286	138.7068907	465.6271659	171.2163903	501.251178	109.0279023	247.7452236	168.3867339	260.4735568	60.7081655
4.004304	162.1765374	409.6124909	181.5698717	408.4442637	181.3983843	507.3006597	170.0801009	505.6927134	120.7947205	269.8794876	175.5957221	265.4259636	54.98166655
4.036118	158.3964046	409.5258542	184.5127067	408.4082791	180.3767555	502.1174687	167.5207852	499.4959874	117.8504035	275.5015997	179.8057895	269.0763885	62.28766478
4.081592	153.5877462	398.8866048	179.5207244	406.1549656	179.818671	502.0152906	169.0178897	499.167414	120.8418387	282.6445844	177.6081058	268.69684	58.45467187
4.109366	145.8882349	404.141195	178.2415795	412.1940737	168.2248982	485.363798	120.4928601	471.6379651	139.635157	259.1496687	163.8221972	264.3917574	24.74858397
4.147777	140.9686208	404.2149121	172.2535415	409.0693397	153.0187181	491.5524684	136.2217671	490.025269	117.8784655	266.1611214	160.3210117	264.5100658	42.47464789
4.215301	137.4174862	411.6530885	172.187994	415.7044929	143.9122348	505.441961	178.3011992	509.6659168	117.5097086	259.4244551	122.2562584	250.3538804	10.23743423
4.258778	131.0550675	411.7689081	171.1277777	415.9970437	140.8410217	507.2467777	176.1755799	508.4239725	83.13624757	269.0410498	161.4748754	278.515967	78.90953466
4.319503	124.3267419	411.0121671	155.5418022	414.7230286	126.2037558	483.3033652	168.4449667	505.6040248	95.59823003	286.9082107	101.8623465	280.9350111	8.655533999
4.364295	100.2452616	400.9147009	135.8273612	402.6347428	105.3311003	459.6013953	150.3550774	490.3434688	102.8199287	306.8379134	116.8833597	301.0899501	15.1927342
4.409337	68.26929946	360.8730545	137.7801062	381.8974951	114.7322813	461.5951787	154.816942	471.615584	104.7275885	296.6379271	177.0192995	311.224332	73.74859108
4.446444	68.26929946	360.8730545	137.7801062	381.8974951	114.7322813	461.5951787	154.816942	471.615584	104.7275885	296.6379271	177.0192995	311.224332	73.74859108
4.494557	69.5729344	354.2108843	64.57886217	343.5718248	118.9455975	448.4393619	140.9620471	454.2678061	79.25564658	269.4974503	173.5207548	303.7225081	100.2859173
4.550988	65.05304596	345.8401857	63.97367841	326.2980302	147.3770747	448.2345878	138.7253959	430.5784518	100.7691665	275.1660536	167.1226745	294.6826742	69.16419959
4.578847	65.05274197	342.7830131	61.92382813	327.3461819	128.7197342	433.8206773	152.1810212	461.666578	99.38096577	258.1394394	156.6247226	285.4379332	63.41967721
4.610136	65.05274197	342.7830131	61.92382813	327.3461819	128.7197342	433.8206773	152.1810212	461.666578	99.38096577	258.1394394	156.6247226	285.4379332	63.41967721
4.67019	79.22262585	357.0511232	84.322999	343.8147875	111.1817546	437.9015306	104.192246	422.3326924	101.7769828	262.9089403	153.2842519	289.8211979	58.11427002
4.706932	83.32527131	370.1792391	78.9140587	355.4066984	110.702479	445.6423273	150.7669815	458.8581438	106.4230264	266.2373085	156.7617263	295.6386035	58.2959764
4.749464	93.83272282	368.6917862	79.20003572	355.1135396	111.3946984	445.7503952	150.1756483	459.2468309	107.4832046	266.770808	156.4421966	296.5978006	57.32915825
4.776252	97.00561998	392.3545416	128.2664306	395.7365257	111.8688822	458.6155992	173.203581	486.535711	195.2718796	343.3414777	208.7958262	338.9748374	14.21142785
4.816724	97.00561998	392.3545416	128.2664306	395.7365257	111.8688822	458.6155992	173.203581	486.535711	195.2718796	343.3414777	208.7958262	338.9748374	14.21142785
4.844363	119.5395717	396.8916054	131.0839274	396.9566589	107.3101213	429.4572288	140.2676807	457.1691847	103.6004757	268.9277192	170.5415932	326.9630426	88.59577853
4.91268	125.5054566	410.6827198	158.3169306	416.9455633	132.2361381	480.6377295	172.1031622	504.2266537	103.2361837	284.6977786	166.6683639	307.9413721	67.55668821
4.973573	131.2551488	413.3311041	163.020428	420.3852672	142.5181443	503.4575252	174.5456514	508.4957138	117.1966196	305.3041213	142.4078915	303.4541624	25.27905414
5.015047	133.8526341	412.6268391	126.120634	409.2492248	137.6611708	494.6335041	182.3311345	508.9491124	104.0834372	280.7444674	113.5213818	280.1617408	9.455917103
5.057997	133.8526341	412.6268391	126.120634	409.2492248	137.6611708	494.6335041	182.3311345	508.9491124	104.0834372	280.7444674	113.5213818	280.1617408	9.455917103
5.109184	169.0192577	417.4116154	185.7369057	418.1056967	153.803369	496.927894	176.9863927	507.5452183	80.94853858	264.0051602	69.93321756	262.213035	11.16015276
5.16541	171.040856	417.6276371	206.8066026	418.9770413	171.0481138	511.6438169	173.8138945	508.7462761	132.1109139	258.0953991	167.473895	263.1219981	35.71844239
5.21376	170.5482999	416.5493145	184.608843	416.6680979	166.1270177	503.2275961	177.7910308	515.9754985	108.5210018	238.0024547	177.3244657	261.2032238	72.60986391
5.270021	169.4370326	419.3576727	187.2011035	417.9392631	173.5522556	518.6311786	175.3036083	516.8711241	109.165628	237.7403978	188.4737506	262.7990865	83.17280918
5.314939	170.2017343	419.6746945	187.6932226	417.70884	174.8375182	516.3141795	174.739026	514.5476654	108.0242849	231.7170021	182.5669154	259.9920203	79.72503012
5.338463	170.2017343	419.6746945	187.6932226	417.70884	174.8375182	516.3141795	174.739026	514.5476654	108.0242849	231.7170021	182.5669154	259.9920203	79.72503012
5.379945	170.3789025	419.9249909	188.3832381	420.0609877	176.1318245	518.3195905	176.1563716	515.8729025	103.2944925	236.6215877	182.1699067	263.5238327	83.33703706
5.407962	170.6905095	417.9478508	186.8101745	421.2912664	178.1920864	513.0777298	169.0239885	511.2135594	100.4842914	237.0808951	153.1937014	227.3619893	53.59793865
5.444946	151.8128154	404.1106821	184.7038394	417.264941	177.0163736	512.5323748	171.7254757	510.1720954	91.60114452	236.7516377	178.8313169	263.4419838	91.22213298
5.472824	147.5127865	403.9111898	176.4389287	413.6511658	177.681633	506.9490592	154.2577745	489.061854	101.3652686	232.6763512	165.9058662	262.1160057	70.93787424
5.512372	136.5307712	408.5024395	180.57336	418.5866823	162.5082837	494.5431435	147.8080542	492.082776	82.69111366	234.6246504	178.1600727	268.1621626	101.1883731
5.550448	140.7422635	411.6690479	167.1768414	416.0448079	166.4713795	494.5003192	109.8495068	480.4046465	123.4690008	266.1102414	169.7883481	278.4939088	47.94619023
5.580631	138.5262076	410.3886871	166.666616	413.9000942	149.5963985	506.274965	178.803198	505.0034959	100.2316011	274.4368616	166.5856031	284.660426	67.13698572
5.644735	129.243848	409.2841835	163.1882676	415.4552605	151.0725278	506.4681876	178.985667	501.7039686	104.9104564	291.484964	155.807241	294.6977596	50.9980856
5.690689	100.8781463	407.6087898	134.7761126	405.8928897	104.7356632	464.6662968	177.7794413	497.4676632	108.5754537	302.2171389	117.3755358	296.9573808	10.25214607
5.747843	94.5287041	397.2177088	129.7541114	403.1688883	114.9010328	476.118601	172.6446034	497.5379225	116.1368023	303.1638535	149.0573322	316.4376938	35.49586063
5.775655	67.4167072	366.3527101	67.14283272	364.453657	147.7981176	485.1591379	180.8983235	495.8456955	187.2877402	331.8077806	175.4862483	319.8468279	16.80296399
5.817368	67.4167072	366.3527101	67.14283272	364.453657	147.7981176	485.1591379	180.8983235	495.8456955	187.2877402	331.8077806	175.4862483	319.8468279	16.80296399
5.87915	59.98787847	348.3823261	53.19877417	342.0249042	164.9685372	476.7758618	180.2058381	494.4247781	102.291141	288.9642928	229.8519957	336.8805858	136.2635049
5.90802	156.5726456	412.2335542	188.0024167	411.5336971	167.3520527	483.6654912	172.0171715	497.941885	245.4470148	333.046381	253.8006901	331.9777481	8.421749585
5.943211	156.5726456	412.2335542	188.0024167	411.5336971	167.3520527	483.6654912	172.0171715	497.941885	245.4470148	333.046381	253.8006901	331.9777481	8.421749585
5.981756	152.631285	416.7307575	186.016423	416.7382813	164.2001117	486.2477581	175.8502554	498.722793	250.3814674	331.6183959	257.5015579	330.6861017	7.180867807
6.006318	149.8756118	415.7971334	182.1690327	416.5025383	161.1044466	481.1108873	166.9930045	480.6873936	256.4668577	333.8300249	265.2117279	333.8305189	8.744870211
6.049924	61.74050416	340.259948	58.15657679	331.6652861	160.9101411	475.052894	159.3019858	473.8483782	256.3853128	334.7708688	249.8059415	332.1483235	7.082786966
6.079944	60.88889987	346.4274912	56.31229861	340.3420629	113.6297726	433.776751	106.9546639	425.442759	253.0072045	338.1199082	247.9610743	336.4914807	5.30237742
6.133958	84.12289868	369.4416114	78.86870744	368.69817	149.6472975	474.6810022	179.1513026	488.1789959	123.4545993	309.4956644	235.1793531	332.7501064	114.1191907
6.160861	98.62903165	397.3747188	124.9455481	395.677514	149.9913743	487.5288409	175.7366777	494.0119619	214.608653	338.2445054	227.5729192	335.9447197	13.16667048
6.192646	112.2001345	403.3501794	133.1580777	401.5912649	168.9278712	499.7754286	176.3882577	502.631019	200.3854572	333.9298851	209.5065509	343.3498374	13.11220241
6.24712	135.1592519	411.6775596	161.3585238	425.285597	154.7198558	514.8266887	175.7769752	516.8595726	111.8378754	294.1990478	174.7519455	317.4035407	67.0569065
6.274917	135.1592519	411.6775596	161.3585238	425.285597	154.7198558	514.8266887	175.7769752	516.8595726	111.8378754	294.1990478	174.7519455	317.4035407	67.0569065
6.314366	140.7232262	416.4300371	166.4379218	417.8839753	156.0710649	511.3336728	178.3934027	507.994171	126.5439567	298.0382683	169.088206	302.9459699	42.82637836
6.349606	140.6363806	418.5891522	167.292642	413.1479131	154.5933396	508.204227	169.0851091	512.2312743	114.1724868	309.8938131	153.1939294	308.82746	39.03601016
6.376427	137.7067311	407.8714357	163.7360925	416.120197	152.1915088	496.2289108	175.1075739	503.8945844	120.703163	302.0212374	120.6796989	293.6103364	8.410933751
6.412651	133.9271302	404.9808487	164.6189886	410.7894197	146.7691171	500.4667361	169.8474739	504.5458414	109.4869437	291.7540506	145.313488	289.4869247	35.89820516
6.439572	119.2690031	401.7888193	173.5186459	413.6793227	147.8668379	502.2000395	174.7688169	504.4616367	95.66643741	272.8556283	158.6824766	277.707396	63.20253827
6.477935	137.9574454	400.0435083	180.8102809	417.4413683	165.8425986	495.9743586	168.9011012	504.0476426	86.77077	263.4415468	173.9608919	264.0683328	87.19237477
6.503565	170.9468096	410.9538014	181.7426891	417.1963537	171.7783697	504.7615592	173.2784001	502.1067911	115.7457404	257.9632592	164.0553943	262.0285141	48.48039767
6.544007	168.4166198	419.2227398	182.1290582	418.5397541	174.5620098	509.6525793	176.3043189	505.5798577	127.6204554	255.5002698	162.2528575	259.1879522	34.82818223
6.571828	178.8894166	417.0641567	179.0235895	423.7188412	171.954246	514.0920249	175.6371025	509.7896021	124.842933	258.2684445	163.3962336	259.7584433	38.58208237
6.607059	170.3361351	419.035217	182.813336	419.1231077	175.5694081	503.0080785	173.9618989	498.6934962	133.7918364	249.3248039	164.7370121	253.1413014	31.17963361
6.635028	174.5421366	414.8374042	183.5370562	420.0156554	171.2351426	506.6110241	169.5780262	502.0746823	141.8138603	260.7767662	166.5504165	257.4148453	24.96396845
6.673641	177.238627	414.8404061	185.8126748	420.2990105	176.0696969	507.7743115	167.5699363	504.8347823	140.6880586	252.9615303	180.1740713	257.5943124	39.75685943
6.70872	166.6429049	416.9157724	190.7192364	416.5709357	175.597736	508.6360804	168.1596927	506.0505837	109.8085254	239.9002918	182.422901	253.28106	73.83693183
6.73569	167.0144166	417.0593309	190.0963263	416.2531919	175.4219358	504.0281873	167.5337237	501.4915567	117.2603812	255.129613	182.3268027	255.1773772	65.06643898
6.77643	165.9176458	413.8407405	180.8308381	411.4914047	175.4789716	501.4907208	167.9122462	499.1516446	143.4207236	255.0428434	179.5982414	260.2277443	36.54717486
6.830671	160.8962526	416.9686284	172.2295074	414.8059795	159.0581872	495.0587077	170.1524501	501.847755	113.4544473	258.6641423	169.0644759	265.3796054	56.01404041
6.857468	142.3812546	413.0421252	169.399851	416.6075663	152.9881673	492.0275641	174.1524045	498.1357536	88.71183047	254.5647647	160.834562	261.9688374	72.50178404
6.897946	143.6360424	414.4696544	181.0239087	416.6110241	147.1393368	499.1790415	174.0899349	505.4231897	85.45995334	261.4166806	91.98852064	259.8644022	6.710570709
6.935184	143.9646348	416.8460451	182.7316011	415.9725347	143.2701734	509.7110591	182.2309703	512.7409107	111.3772571	284.400345	157.3005457	293.984831	46.91279998
6.961923	150.4971919	408.4072912	160.3239376	419.9872325	162.2684749	507.2991017	174.4915985	509.0299732	116.2920074	302.1055371	115.7049869	298.8250091	3.332635167
6.993079	145.0485811	405.9667209	144.5333969	414.4067288	153.4703497	507.2861442	171.8371725	509.9810007	108.7091516	307.6627478	119.8602034	305.5065965	11.35759412
7.047249	140.7869498	407.1265883	148.462959	418.0841896	148.2514971	509.8604694	175.4531136	510.808039	114.8646492	309.0918159	119.0329181	305.5610865	5.46264736
7.075101	140.7869498	407.1265883	148.462959	418.0841896	148.2514971	509.8604694	175.4531136	510.808039	114.8646492	309.0918159	119.0329181	305.5610865	5.46264736
7.109366	123.7179672	411.2614756	148.9228744	419.9608235	118.620463	472.6192774	177.7420887	510.6623526	106.7600354	291.2952183	167.2494566	322.891347	68.24430692
7.136183	112.6272951	410.0085877	127.4072836	407.5681314	150.7426435	494.4456773	184.8320464	502.6264591	144.4960634	305.1908857	185.7167285	324.7045993	45.60623044
7.17389	107.4886384	396.5977246	126.1492659	395.2154897	150.7918896	489.7459038	179.5141507	497.5079797	99.51591759	288.3457145	224.2372553	332.8975787	132.4397247
7.209803	86.50730712	384.764675	129.8062644	388.5609193	106.7789777	449.1216637	180.6156524	492.2539974	116.9151265	296.9699014	230.1855849	340.8250243	121.463857
7.23914	82.81848477	370.7048729	89.05972611	355.781554	106.4444575	446.5243875	164.5433905	475.5501809	111.5660719	272.1219145	234.8842184	329.7488676	136.1184448
7.280522	118.8046419	380.6968172	82.32944355	348.1902055	116.0176579	445.4747158	168.5727368	476.8945692	122.9075533	281.4447235	247.8186938	336.3630457	136.4507791
7.303639	76.76286631	360.6729162	164.6946057	395.000342	113.4334342	439.5885898	167.4986131	456.1476699	107.8194537	257.1837381	257.6447364	336.4261612	169.4903447
7.342489	129.662668	393.8135716	171.5771674	409.5167346	118.5557325	428.2826939	168.0048296	454.5415096	113.3614649	257.7502204	262.7160217	334.2541646	167.8083345
7.370938	92.75907405	372.005487	174.0586051	405.7852778	151.6284655	456.927514	152.8186178	456.8189902	101.6443109	251.3258831	261.8518209	336.798091	181.5817848
7.406161	84.44178244	354.4765321	171.1735849	399.9951742	154.2358493	453.8679095	151.6357802	453.9597139	99.50563898	249.1782056	264.245425	336.0656311	186.2488169
7.433304	82.21062211	356.7543546	113.698911	354.8621793	102.3655042	430.2203915	140.8309141	426.4229694	97.30797437	253.4095331	254.6629529	340.0595437	179.6352238
7.474565	87.84825663	385.2165917	129.6061261	381.8200541	97.52842291	455.3927909	175.7858478	477.6944005	100.313355	250.0402785	235.3475347	330.1990744	157.0339525
7.497052	93.31088886	390.4488768	226.5013983	402.7833931	90.07436314	462.3987339	186.4664017	488.1740181	99.45776082	254.037041	226.4753693	328.8983083	147.4370449
7.550483	105.9696468	393.7733691	212.7437226	413.3221364	153.6403172	485.5921313	184.6970376	497.631361	205.0035719	340.1963005	219.2429171	336.1100514	14.81406033
7.595497	133.4965307	411.0720908	139.1540575	421.2590437	170.7072288	511.2469221	180.833726	508.6068215	153.7459342	311.7575655	172.6017031	318.0141963	19.86669199
7.6307	136.5693777	410.859185	166.5553943	418.776599	162.0381657	511.1681131	175.4493517	509.1786995	133.9530262	302.5851737	155.7355378	310.6933404	23.24263702
7.661741	148.56774	419.1796115	183.2079888	418.2262661	159.7189058	509.7986837	175.3555523	512.7098659	124.894535	301.6790985	127.3559095	292.3073664	9.689567967
7.707642	154.2867484	411.5390929	163.3121238	420.7755882	161.3837929	506.4541282	179.4169504	510.3555523	121.014542	295.4524676	117.1713886	291.7942531	5.305879921
7.743903	131.7884583	408.3053411	172.4554657	419.7684369	161.2477961	495.8928137	174.6525983	507.4388983	103.1022389	265.7416175	153.3704516	274.713244	51.06254293
7.782354	131.7884583	408.3053411	172.4554657	419.7684369	161.2477961	495.8928137	174.6525983	507.4388983	103.1022389	265.7416175	153.3704516	274.713244	51.06254293
7.805916	168.6957191	417.005601	173.2597048	415.1714874	183.8894546	505.4844434	174.4747652	503.6942181	136.0132121	266.1959091	152.9099663	271.1285187	17.60201519
7.843384	174.3638474	415.6191102	177.3720209	414.5740364	184.1091242	506.7106943	174.4190213	503.7263269	89.00084737	243.8689924	132.9547665	246.2143194	44.01644657
7.872187	177.9258116	415.4286615	174.9699622	414.79192	187.526295	509.192835	178.0449181	506.9220802	138.5269296	241.8925553	139.1276485	230.9075951	11.00137325
7.907408	173.8367887	414.1100362	174.3905414	413.1915354	185.0403924	510.3032284	177.578353	507.864102	141.5047992	254.0703087	146.7850385	252.4045667	5.536752022
7.934214	168.8308609	413.2417315	182.6584919	412.5432803	182.8782755	515.443861	176.0286965	513.8162695	149.0741276	261.0184179	164.8025216	253.1787109	17.57394048
7.968496	162.9638482	414.6334661	180.5942212	413.3630989	184.3667543	511.7172681	175.8528962	508.6075815	142.8513345	262.4851616	169.7091972	254.0766735	28.14333774
8.007965	164.245311	415.8529152	175.9952958	415.2500684	187.0877538	510.3280414	174.7818124	507.1314142	122.1947577	210.7742583	81.85031995	184.2020306	48.3089737
8.047962	161.1041236	417.5237111	180.9956378	416.9474632	181.5670218	512.5458262	173.8903286	508.9501383	99.62560038	182.3525657	103.905908	187.7133808	6.859983417
8.095873	164.0933168	411.3063518	181.2784609	411.0643011	180.3784275	509.4430934	170.3538044	505.729648	99.19424094	195.7415795	102.0998564	190.8373738	5.700336335
8.150322	168.9662687	413.0160202	174.166388	411.5728356	187.3597474	507.2751626	167.967971	503.7129894	113.542756	210.2587701	105.2943177	209.6265123	8.27263462
8.179081	143.2662976	401.093864	178.5639021	410.8935357	185.7321559	507.5991002	156.0041304	490.5491929	101.2516529	229.9380624	168.8660665	258.7663774	73.50360993
8.20596	141.1076385	405.233083	177.5924315	414.4423334	161.0847063	492.7663318	175.311702	504.8622173	121.6551974	258.6045796	163.8523681	275.1576369	45.32774997
8.247808	141.1076385	405.233083	177.5924315	414.4423334	161.0847063	492.7663318	175.311702	504.8622173	121.6551974	258.6045796	163.8523681	275.1576369	45.32774997
8.292825	146.7285916	412.3850924	175.6366086	414.0514424	157.0125737	502.7478265	171.8360515	509.6127949	132.5298859	283.8467253	168.9123488	284.7228006	36.39300916
8.351653	146.2354466	417.2866002	171.2890245	415.4753997	154.4186603	508.5095452	181.9217762	510.6574508	116.1827236	289.8531546	130.442398	283.2156455	15.72879023
8.397905	129.4418204	411.5677818	164.5630358	414.4619027	106.953657	480.2674337	173.2173175	510.4568565	117.3921981	309.1771416	120.233539	299.1045264	10.46569612
8.44349	100.7054239	415.0102216	125.8901728	414.1783576	105.6724032	467.9815555	157.73561	491.7097063	138.149946	302.4954592	162.5660605	307.7911828	24.98382141
8.50033	82.68163303	383.8193093	87.27558062	382.8520185	186.8320996	495.7259621	148.0915423	482.7956666	216.0343203	336.4251733	224.740736	333.7182332	9.117521502
8.524771	82.68163303	383.8193093	87.27558062	382.8520185	186.8320996	495.7259621	148.0915423	482.7956666	216.0343203	336.4251733	224.740736	333.7182332	9.117521502
8.564293	79.54358053	376.900915	81.57084068	374.9794048	146.1040096	486.5871231	186.2409943	497.4546677	232.3744148	335.0217352	230.3560843	328.9176876	6.429078873
8.593082	72.26951985	366.7802316	210.1094358	419.6636749	116.5529814	445.3841652	181.1947501	494.1487567	237.3975179	341.7076544	245.3044823	343.1660004	8.040327023
8.628292	107.96894	386.1286707	219.7628891	419.1462868	154.9943952	471.1597915	181.7485409	488.9788272	245.3148179	333.3456575	252.6459144	335.7260761	7.707877033
8.65511	165.0279859	422.2701088	210.4863433	422.8618601	157.4377014	475.8930037	181.6278955	495.1350088	257.7766674	329.0247295	263.6639713	331.1213749	6.249501567
8.689504	124.8547886	397.0402177	218.1830238	415.2754514	163.5703429	474.166388	206.8735181	494.0162938	258.672635	327.4499939	265.3234056	331.0654031	7.56993614
8.726791	160.4794656	418.7077456	202.4723751	416.3559019	169.1968438	476.1011597	193.3451255	489.2521887	256.7535567	331.6535065	265.0034959	333.7448702	8.510892957
8.752617	81.46332381	363.6953961	82.26670796	335.4146401	151.6535255	450.5783758	169.5148156	459.9979481	109.4135495	251.4827221	261.8770899	335.6889895	174.1718308
8.792756	73.86232369	354.766271	79.42371413	343.2836819	146.2364725	452.3163911	170.2406448	460.5251018	121.7516187	270.1137296	259.4227262	335.8266583	152.5500666
8.846864	79.17303776	371.3123556	214.8146811	404.8302605	149.0240645	472.4135533	177.6397966	483.3969176	228.8847428	336.1502538	235.6414914	329.1202578	9.750615123
8.877865	88.41975468	383.5078353	110.6142464	387.578201	150.8633648	479.5967215	174.843085	486.0800705	216.4777253	334.583346	224.8569735	328.6183351	10.28558003
8.93941	113.7158013	406.2829827	122.4937302	411.9944294	150.4669071	489.5076909	184.8235728	502.6095878	182.4847626	322.6411266	153.6744399	312.6775292	30.48455291
8.980147	129.1356282	413.776675	132.4171062	421.4386248	168.8316779	510.7331058	179.5994194	509.7465117	170.728394	320.6357156	143.0157542	309.8210079	29.74808077
9.012129	137.7135328	411.5836272	146.9419724	414.5617628	169.0705747	507.8949948	177.9108592	509.3765959	143.8192143	311.7124802	131.7835565	309.4147655	12.25302218
9.063577	154.3909974	409.5271842	172.6852239	421.0636932	160.5596805	512.0875258	175.0886506	515.9089251	121.3970164	301.4278522	121.5949128	292.2150489	9.214928448
9.092283	148.2895907	411.2174353	179.8617993	414.6833582	159.2475719	509.4425994	176.6095232	515.9249605	115.6021059	293.019877	116.2938503	284.9400953	8.109339262
9.126505	148.2895907	411.2174353	179.8617993	414.6833582	159.2475719	509.4425994	176.6095232	515.9249605	115.6021059	293.019877	116.2938503	284.9400953	8.109339262
9.154318	147.6102718	415.0387205	174.2750068	418.6749149	149.9544587	502.1212305	181.4947486	514.9254089	109.8109953	273.3038211	154.4230682	282.0385077	45.45912227
9.195747	129.1130951	406.719776	181.8294397	413.9564461	145.0108296	498.1598447	182.3472839	509.7885001	114.9899874	268.0836386	161.6771036	278.2479633	47.78075258
9.233	140.2965026	403.4248085	171.6428099	410.3994787	163.332738	491.8964692	149.6674558	488.9684916	137.5757501	254.6664108	145.5898324	256.1147252	8.143901339
9.260819	168.2610158	413.8688974	174.4355507	412.5963643	160.5444431	495.9820343	171.6353812	507.6397206	96.45065129	238.9169086	136.3576879	247.5125015	40.82224621
9.301271	168.5190829	414.7228386	182.7458886	413.5745607	180.651637	510.9161068	185.1701195	508.0906493	106.8679323	229.7578733	129.2873374	225.2502204	22.86807074
9.323852	168.5190829	414.7228386	182.7458886	413.5745607	180.651637	510.9161068	185.1701195	508.0906493	106.8679323	229.7578733	129.2873374	225.2502204	22.86807074
9.360337	167.7382319	412.916692	185.7587929	411.7523407	177.7698466	516.4525702	199.2744939	510.7994133	138.9109428	251.2949903	162.0132197	248.5991648	23.2590342
9.383955	170.6741321	415.8005153	177.4099625	415.1140336	184.6016993	512.8812394	182.1453976	508.5892282	128.9275482	216.301298	136.0834714	219.6586021	7.904348658
9.423489	179.6923638	412.8780095	179.3564947	419.8108053	180.5061786	518.7096076	183.3219844	515.1119817	146.6043744	264.6078171	65.60655171	194.2832335	107.2669303
9.448457	163.7644964	418.1907755	182.6886628	417.2847763	177.9032785	517.8299793	182.9041145	514.8549216	117.9180789	209.6797483	65.62349906	195.9796404	54.05937516
9.500907	175.8738524	413.2390336	183.1394394	419.063488	176.4421206	520.9467336	179.0925188	518.0246839	147.4556177	251.1855355	67.57236822	198.7943633	95.53098173
9.543497	170.1375547	413.5352322	173.8427164	411.1245668	181.821992	508.7787649	173.1915354	506.6965209	93.53017844	222.9890792	77.70861199	223.0374514	15.8216404
9.586127	155.859584	399.8864984	184.7618251	411.7025626	175.9047453	512.3483098	180.5956651	509.0146598	89.69477672	230.4273696	75.17524927	238.2735743	16.50392698
9.627882	151.1059475	409.5963415	177.6143376	412.2719328	161.0253336	491.8562667	176.7610234	505.3954888	111.6974328	255.9869741	88.23361883	250.9875061	23.99052412
9.667274	151.1059475	409.5963415	177.6143376	412.2719328	161.0253336	491.8562667	176.7610234	505.3954888	111.6974328	255.9869741	88.23361883	250.9875061	23.99052412
9.693076	147.8182758	416.0184749	179.3856396	417.2934779	153.8426594	499.2527967	182.5165674	511.2666054	122.8321072	285.8280072	158.4735606	285.9357141	35.64161611
9.72833	146.2380305	412.5146674	174.9952882	414.5415856	154.3922893	508.9163956	180.0568838	514.0200936	121.3645466	285.9162968	123.0186801	281.9828399	4.267111575
9.755088	150.5085155	406.7629423	170.6198892	410.6941193	160.1523362	506.7314795	173.9633808	510.5375274	105.7389576	301.6504286	123.9884978	302.2054733	18.25797888
9.790348	148.9920887	410.6474951	165.4872553	412.6144896	160.6376915	507.3605074	172.8593522	510.2524623	110.4017776	310.0577008	123.9382258	306.4345399	14.01294846
9.81621	126.2087906	416.2199812	153.3292232	416.172787	133.516271	484.375076	172.2703178	508.150839	124.1620752	298.5355362	103.2111427	287.6488403	23.61062728
9.868016	116.4146667	414.4242461	127.2554224	412.2480317	146.0362962	488.7939643	174.5992104	496.3506961	182.6106518	328.5573094	205.7566649	331.7298456	23.36242523
9.913657	103.0063496	387.4178852	111.7774957	386.8192181	115.2722025	453.4155368	175.1168645	492.1537193	236.2212731	339.5616108	231.6234877	341.8363555	5.129726525
9.953901	86.72325283	384.219054	91.23367963	376.7734679	103.3900018	442.0206484	193.0454691	495.3443808	247.8839753	337.1908439	234.9391263	325.8316361	17.22209963
9.997943	108.5297035	360.3524365	80.38266431	358.1836317	184.0197896	492.7101319	180.1431025	491.1643133	246.8973051	339.7213187	263.151105	335.8530292	16.70777283
10.033235	108.5297035	360.3524365	80.38266431	358.1836317	184.0197896	492.7101319	180.1431025	491.1643133	246.8973051	339.7213187	263.151105	335.8530292	16.70777283
10.059983	108.3315601	359.558457	93.83348279	343.6261628	185.8668987	490.7791601	185.7323079	489.0436907	242.473667	345.8162847	51.89456925	245.5707571	215.3359197
10.09426	104.061322	361.1029836	87.1822182	342.2516415	176.4419496	475.5747279	188.2614908	485.8625289	245.6293318	337.2638391	58.11888223	242.6269531	210.0388271
10.120144	77.36578915	365.41673	85.96727186	342.1819522	171.2124384	467.3031296	188.6268087	478.28068	182.9387312	300.9221106	56.45004332	241.6000996	139.7085865
10.157148	78.45125547	363.672863	91.85109892	343.6273027	165.9286653	464.9863205	179.4672985	473.2390716	236.3822349	337.9459129	55.21509074	242.5204432	204.7621898
10.197614	113.3442896	380.1633557	86.50711713	370.7476973	148.905072	456.484755	179.8328824	473.3140047	251.3469343	340.1543121	55.41857293	243.3814522	218.5243904
10.240141	105.0284039	392.2855742	159.7113061	403.3033652	164.8283416	488.4322562	183.852976	486.8273118	244.661357	344.4323398	234.8841424	330.7635047	16.8056829
10.282637	105.0575868	397.6807591	117.1495395	395.7999073	151.6817394	487.2874362	190.8039731	496.9948474	230.0835968	351.6102642	224.9796328	336.4020702	16.0418083
10.325444	136.5804353	408.3195145	172.1211545	411.6894151	150.9085831	502.2444598	178.5759857	504.8507417	197.8039123	338.7836287	150.4294785	323.8235272	49.6803947
10.364913	152.3269926	420.5245699	173.2046449	410.7396416	161.2305447	505.495577	173.6058905	510.8558791	170.9345741	329.1184339	141.6065783	312.3911532	33.76289763
10.391707	152.3269926	420.5245699	173.2046449	410.7396416	161.2305447	505.495577	173.6058905	510.8558791	170.9345741	329.1184339	141.6065783	312.3911532	33.76289763
10.424994	155.4351783	404.3417133	161.7927522	408.8185114	165.4617583	501.0553715	176.6337853	506.0736108	140.6731252	312.0418896	124.7410019	297.5293349	21.55102769
10.451754	155.0970483	407.4901964	177.4339585	410.1315889	173.0635944	506.6248556	178.281801	502.8577183	116.3428114	311.1277777	125.8803122	303.7258519	12.07279693
10.48696	145.938089	410.3413789	182.7748434	415.2553882	161.1518498	507.578125	186.0745227	508.5822744	118.8824629	296.9045059	129.7196468	287.5283849	14.33025464
10.524561	178.8339768	420.779958	129.8569545	413.0486989	192.5604177	506.2946103	140.2995045	493.7476061	126.7233668	282.4057446	130.5930812	279.5094008	4.833580128
10.547099	175.57355	420.0955663	211.5676678	412.3805706	190.808305	506.301336	188.8194233	503.0600225	130.7769182	268.7994551	138.2759492	269.4407945	7.526405695
10.591096	175.9321422	417.6412786	206.1672392	411.2525459	191.1357384	506.1499118	182.2525915	500.8995775	136.7381483	253.462997	151.7424231	253.2711614	15.00550113
10.627318	179.1083642	417.0182165	207.394972	416.5804353	188.2369057	510.2587321	192.7380989	507.1165947	132.9488008	239.1443679	136.0212108	234.3523719	5.692357058
10.666776	177.0124977	415.4550325	204.7231426	419.9319826	191.2012479	514.6945297	190.7525991	511.900193	104.9927613	229.9690882	146.6971858	240.469757	43.0060818
10.69465	174.0463126	415.1665476	181.4935326	414.4425614	203.1027709	514.7150109	189.1704539	516.2400064	123.254233	230.8366519	149.5607369	242.5744391	28.8063846
10.730939	174.0463126	415.1665476	181.4935326	414.4425614	203.1027709	514.7150109	189.1704539	516.2400064	123.254233	230.8366519	149.5607369	242.5744391	28.8063846
10.758666	170.7913956	415.4263056	180.9439218	415.1868768	192.6749453	515.209106	188.7898225	513.0318276	148.2252212	259.5340999	61.06863296	207.186322	101.6688778
10.79717	168.4868031	414.5223583	187.160445	414.558305	190.9997796	516.925918	190.2115759	514.7149729	151.5000494	266.9581978	166.3574219	255.4380662	18.80039759
10.819678	168.9000942	413.6222869	187.6202654	414.1017145	191.7770778	515.1242172	187.3456119	512.4900444	156.5310562	200.650649	151.2689233	207.4232619	8.576615238
10.85812	170.1955975	410.520162	186.3336348	411.4918227	215.756133	510.6396294	186.9844738	509.7590893	156.2018748	198.5306344	143.4023324	205.1238562	14.397877
10.891965	180.7011871	416.8913394	173.2511742	417.8408849	217.422065	513.6608934	177.8066672	509.6059171	152.7633489	243.2840809	161.8647974	245.8609139	9.459198351
10.928512	172.550956	415.9356761	221.5608281	419.3885655	182.7632159	505.8912938	170.8950556	502.8424049	147.4716531	246.5171107	91.12439582	227.9796556	59.31821512
10.956013	172.550956	415.9356761	221.5608281	419.3885655	182.7632159	505.8912938	170.8950556	502.8424049	147.4716531	246.5171107	91.12439582	227.9796556	59.31821512
10.994405	141.1613494	404.1045644	176.9426564	412.3518057	188.4878101	505.7573109	148.6323945	491.2957122	92.77514743	235.2941847	85.27358949	233.2213643	7.782670233
11.02873	144.5245053	414.870919	186.0714829	414.088985	151.4649387	502.525459	179.8017996	509.8766187	129.0433487	252.3417741	170.833536	258.0380973	42.17662682
11.054532	159.2107893	416.067531	169.4487742	418.7203611	174.9849146	515.9603751	175.9238965	513.3968416	119.8005837	275.1922346	134.4972603	271.9287869	15.05464697
11.089735	161.6948489	416.8610545	188.6853645	417.9474708	168.4871261	509.6999255	187.8160339	515.7909396	110.7783621	289.1863372	124.3210801	283.7290628	14.60092648
11.115561	159.0591181	407.6653317	180.3728417	418.7480241	161.5184977	508.9014622	182.7195936	515.6800219	126.5726076	290.5844746	133.359166	284.6153408	9.038137696
11.167459	140.3246785	410.1096258	170.3258565	413.9755593	175.9990766	505.5114604	181.4768133	515.1440905	125.9188047	297.0811041	132.4202221	294.3213841	7.062894741
11.213064	100.7361267	410.4659001	116.3456043	407.5015959	111.3251801	460.6662284	172.0364368	493.7255289	158.1738471	310.546248	169.5705025	317.7471995	13.48100352
11.250496	103.9158256	388.6862384	89.72369361	380.2369209	154.3038097	477.9049504	172.1898369	490.9281904	199.660673	331.563792	148.0484709	322.161357	52.46165445
11.282113	84.04129681	371.5584722	84.85989938	369.3327076	183.5193869	488.2521431	170.2825571	487.5582138	214.3887555	338.072106	152.5701453	312.4294937	66.92596006
11.323934	115.2456416	383.6611594	170.4545005	414.582814	172.838909	494.7265625	178.9917847	494.8109953	131.8876535	324.6918318	233.7540278	332.2254985	102.1445757
11.365832	115.2456416	383.6611594	170.4545005	414.582814	172.838909	494.7265625	178.9917847	494.8109953	131.8876535	324.6918318	233.7540278	332.2254985	102.1445757
11.414437	174.2509728	421.379917	189.5082989	422.3215969	184.5144166	497.5982642	181.2685433	498.5260366	250.964479	335.9311922	261.1852125	333.0019227	10.63221584
11.467877	173.931215	421.2971942	183.827935	421.745425	175.2373769	479.0538743	178.8769911	490.0478782	252.3476638	338.0322076	266.9069188	335.1845969	14.83512017
11.495702	166.9182803	422.655376	181.796533	422.7358189	171.1672392	472.1462336	173.4432188	480.599503	253.801754	338.3276082	265.5279897	335.1217473	12.1565681
11.531009	166.9182803	422.655376	181.796533	422.7358189	171.1672392	472.1462336	173.4432188	480.599503	253.801754	338.3276082	265.5279897	335.1217473	12.1565681
11.557734	80.33554612	366.1386643	85.18087305	367.0090969	182.1173927	481.0650611	172.8745516	480.6799839	243.9009682	342.889371	231.9919975	329.3780399	18.01054283
11.591979	102.4031037	389.6910339	113.9254583	388.4017814	158.8308989	477.8166038	179.7080572	485.0109436	243.4332442	341.6852733	232.7941087	328.4653149	16.96934006
11.618849	92.49274228	389.4098447	154.271416	405.4122842	160.1730454	490.6962473	186.0298745	495.6550568	234.21799	344.2673121	219.5497173	330.1386947	20.36605157
11.655304	125.2208665	408.4966257	119.1354382	403.8380046	155.6440183	487.7967686	184.2856274	500.5425052	219.4210162	337.8619741	131.7498138	294.5291601	97.79556486
11.694461	129.7313693	410.0730332	174.0394919	413.1219221	108.6395952	469.0843112	183.0292437	502.8630001	193.8627797	332.4712731	154.7596022	317.629119	41.82520798
11.721369	154.2101623	415.7009971	166.7005677	416.4948626	156.3060668	502.0268042	178.2921176	516.952061	183.6597535	334.2582305	145.2534503	314.3966972	43.23799985
11.748192	155.9336621	420.9305463	139.271948	418.2667726	155.9291973	504.9069796	179.7102611	516.3437044	145.5743479	309.687196	133.1697813	304.2636263	13.538404
11.799894	168.5312044	413.957358	173.9900368	414.5247522	179.1364832	516.3760412	182.005335	517.1712746	129.6497484	312.31755	128.566619	309.1477307	3.349764704
11.841406	151.6274775	407.3276006	185.7771842	412.7167817	177.6095498	513.1143224	189.219852	512.187842	115.2502014	286.7574705	118.2453414	282.9480598	4.845871806
11.883978	126.5530954	407.4392783	180.6657344	410.6068367	137.1547263	492.6475103	190.1186314	511.1363084	119.3207001	266.3670545	110.7124536	264.8798866	8.735764143
11.93391	194.6463096	423.1751961	220.8478994	417.474389	191.6437029	508.3204265	186.1687591	510.1110697	144.8459919	251.5704227	145.4552225	254.974579	3.458242605
11.975737	197.0596349	419.8722109	211.3684415	418.7691893	195.7527891	512.0643087	195.6794899	512.8553244	145.8198755	247.7547612	144.9194621	249.0026523	1.538823084
12.01423	191.9047529	422.6393786	219.9301207	421.457358	194.3108965	513.0319416	200.0500821	511.822904	79.5521872	232.8567683	71.33454675	231.6216447	8.30994252
12.053489	194.9845726	419.4888816	218.3278742	421.5757615	191.457662	514.0476806	198.6103934	511.8684263	143.4550363	245.1744703	139.9501649	229.6245554	15.94001181
12.099518	191.8603706	421.8867415	219.8822805	423.2439354	200.5349055	510.9724587	202.1168607	510.5862035	139.1880472	247.7142548	74.02552742	224.7878541	69.07802709
12.122118	191.8603706	421.8867415	219.8822805	423.2439354	200.5349055	510.9724587	202.1168607	510.5862035	139.1880472	247.7142548	74.02552742	224.7878541	69.07802709
12.158523	192.0678806	423.4200587	216.7624103	425.7779061	196.3947744	514.7193048	201.9101487	513.906022	147.8677119	258.855218	146.3575929	257.7919238	1.846903874
12.192754	182.96837	429.192189	215.8569051	425.4772997	189.0573702	512.4503359	202.0496033	514.4324538	152.4601775	257.2719328	161.4524182	252.3289686	10.26125176
12.218609	176.0304254	416.3628177	211.745045	418.9225894	192.0987734	501.2800948	199.5516172	510.7772602	142.552077	257.3022746	152.9988068	231.9739102	27.3981789
12.258743	184.7968598	416.3236792	217.1776584	420.0698413	189.7457138	500.7992613	191.6095422	497.4979481	148.4914769	256.3783591	148.6131863	256.5814993	0.236810263
12.320113	190.5240379	421.4293911	132.2042954	399.9377964	195.3344632	505.3487126	146.0536805	481.7906432	101.6095612	257.0547901	131.9931565	258.7064727	30.42845571
12.360007	174.0189157	421.2729511	164.2020496	420.4359573	180.7660126	516.744019	170.5439301	516.0043774	120.6695343	288.4951058	121.0227877	288.3228014	0.393035355
12.398373	174.0189157	421.2729511	164.2020496	420.4359573	180.7660126	516.744019	170.5439301	516.0043774	120.6695343	288.4951058	121.0227877	288.3228014	0.393035355
12.421011	172.4456431	417.4513619	163.2079318	416.8110865	162.0783112	507.9552605	179.1276675	516.1838065	113.0192311	302.2092732	124.5644607	302.3007737	11.54559225
12.458435	155.6152154	412.3071954	168.6667452	417.1755305	157.8414549	501.6300234	163.6684171	506.7553806	114.0346091	312.8315563	123.3407177	306.7368183	11.12427476
12.481052	138.307545	412.6447364	164.5115288	416.1854025	150.9390199	501.0890382	179.4582928	510.8124468	122.4502029	299.5192235	114.9430022	295.6459752	8.44749163
12.536367	122.031763	418.1530429	141.3827479	419.582244	152.0078049	492.0097428	171.4146287	495.4782496	199.0838552	339.609185	103.646131	285.1676496	109.8737456
12.578493	104.2014417	388.3033652	106.536984	387.2835983	107.1003313	449.6184946	180.1938686	491.1503298	238.7865926	344.2312515	93.92471729	265.0198732	165.1042258
12.610374	119.920982	374.5748723	87.54622522	365.6099526	144.7706788	463.3455435	169.296115	485.2910688	253.6013117	343.7205511	86.24325526	259.7729017	187.2322806
12.662758	123.6909313	364.4398635	82.01747553	338.4683168	182.8541084	501.7155961	179.7638391	503.1524729	259.2803076	337.5476882	115.5944492	277.2104321	155.8403362
12.690618	76.56652785	336.3855028	68.31404274	341.3119376	178.5509826	505.937082	176.8600286	506.5745075	262.8498146	341.3089357	104.1281045	255.0543189	180.6445133
12.725894	76.56652785	336.3855028	68.31404274	341.3119376	178.5509826	505.937082	176.8600286	506.5745075	262.8498146	341.3089357	104.1281045	255.0543189	180.6445133
12.763298	111.9814339	354.3318337	75.20819401	329.3604086	178.4980507	504.8757448	175.8985135	505.313792	120.6166403	276.7078444	90.03294473	244.9899304	44.06119048
12.7859	167.5096516	420.6132964	75.49684992	330.9410719	180.6042908	504.0477946	176.1171571	498.0043546	262.1956317	340.2512084	102.2329273	247.6979154	184.8084924
12.825546	75.49947182	335.5705481	72.09066072	325.5886354	148.4355811	446.6172179	171.2441292	499.9205071	264.4410415	338.8232232	53.97778225	240.0477642	232.4895154
12.85417	124.3022518	359.2394592	80.65954067	326.0549915	137.2426739	440.3328292	93.09156128	418.5717108	255.7875578	348.5469738	90.85287725	248.0860705	193.121314
12.889395	145.9705967	389.2871854	77.83307621	351.4337989	184.1984208	490.2551982	180.6552088	491.717724	256.3927605	345.0197972	93.5079113	244.5407496	191.3831579
12.915243	131.172597	381.4034001	88.14213734	361.9335938	156.0361632	462.3938701	171.2994931	483.4759925	244.9963141	350.233387	109.2881733	265.4302195	160.0258626
12.954718	127.9733098	391.9840178	108.4770185	389.7994817	152.603014	460.7832639	167.6939066	475.5685722	189.8420781	316.0888482	128.7133124	320.7701164	61.30775043
12.99574	107.1246124	396.8548988	104.0724366	395.5773118	168.3953596	485.1985424	177.3051815	490.754917	225.8531052	342.1500334	206.2291768	341.1995759	19.646932
13.049701	142.0692485	413.0271158	146.667585	414.9155672	156.5393779	497.5815829	180.4447729	504.5960755	189.6986336	337.5692713	158.5336933	331.1807667	31.81299253
13.08176	157.9663181	408.592952	168.9873769	411.8932393	157.5058328	506.9031189	180.2369589	515.4322714	180.2526523	330.2736275	145.5418022	316.8520299	37.21535164
13.135211	171.4649957	420.6920294	171.5816323	420.2759074	178.2940175	513.1165643	182.5963263	516.5077441	125.3970658	310.3475917	122.7479975	307.9898202	3.546357144
13.161135	171.4649957	420.6920294	171.5816323	420.2759074	178.2940175	513.1165643	182.5963263	516.5077441	125.3970658	310.3475917	122.7479975	307.9898202	3.546357144
13.186903	165.389561	416.6126581	176.4534252	416.6756217	160.8449546	509.7187348	190.2153757	514.7120471	139.4574568	300.1617028	133.3173866	293.5721668	9.006800015
13.222124	143.6491899	408.7797529	185.5444051	412.9058244	150.5449371	501.0438199	195.3191117	510.4969829	120.0991192	288.4267844	126.1679801	284.4384576	7.262081268
13.260529	181.7769258	416.6463248	209.0332411	410.7703064	180.8915978	510.5663683	200.3608721	509.9132493	125.5625684	266.3584478	134.7312173	266.6899851	9.17464114
13.282586	197.3461819	415.626102	210.5440251	414.0601441	188.3839981	501.8071346	188.0322456	499.1302514	106.483729	260.9253215	138.5330663	258.412174	32.14772048
13.333936	202.1582411	416.2829827	207.3806846	420.26067	191.6596623	503.5069233	197.8475347	511.8197501	152.4354025	261.0301974	157.7567181	260.7095658	5.330966615
13.381687	186.7284396	421.6558244	214.7528195	420.3831393	191.4828931	514.5989634	203.4970817	521.1527997	143.9507843	258.0376034	147.9725499	256.6105492	4.267444428
13.424412	180.3455967	422.3269166	214.738988	418.2709904	200.9578292	518.8473523	203.2891537	519.0658439	155.3263885	262.0281531	154.8192409	259.1757357	2.897151018
13.461892	180.3455967	422.3269166	214.738988	418.2709904	200.9578292	518.8473523	203.2891537	519.0658439	155.3263885	262.0281531	154.8192409	259.1757357	2.897151018
13.496155	177.7542862	418.5011096	214.7804064	416.3693914	193.8001581	519.3849176	205.4502067	519.9133253	136.484907	231.1409632	139.6826172	218.2730803	13.25925187
13.52332	173.8784731	417.96818	215.469206	417.083042	191.9861457	515.9181207	203.3459235	518.4166768	130.6667034	224.5517882	134.6459486	209.5193185	15.55022634
13.549783	173.3964616	417.6599359	216.1303046	419.947372	198.0794018	517.2556314	207.9395671	518.3838461	149.1431519	265.8657018	137.8752926	215.3751216	51.73261388
13.58404	187.2994817	414.6718826	219.1048684	419.1680219	205.1459524	520.0655855	208.3882919	520.443595	151.3722603	269.3383504	137.499316	221.9385716	49.3882336
13.629104	171.5459706	412.5851547	207.4762889	421.2905824	195.0055858	509.8087153	209.2787877	517.3222048	149.9699432	259.296381	158.7807978	257.0088499	9.102964281
13.681517	181.5333171	414.504081	175.6462222	411.7685661	188.6060235	505.2370729	178.1294458	503.1875076	132.3121732	236.6040704	150.5688002	250.0973713	22.70184123
13.709333	171.3615447	413.7696072	175.7177924	412.5972763	182.0615728	507.5496261	188.3920917	505.4871413	138.4799444	260.0194173	140.8728075	261.197733	2.667249875
13.749549	147.1206606	407.5731852	192.7512464	415.5025307	152.5561048	508.4058852	187.6743753	515.8260503	140.1692645	272.1674558	141.9096927	271.3374156	1.92822634
13.794587	159.5776842	416.1452	184.2124042	419.9911843	155.4870273	512.2017875	185.3169078	520.6408834	125.0838248	293.7003739	122.9470908	287.6792391	6.389029356
13.829803	159.5776842	416.1452	184.2124042	419.9911843	155.4870273	512.2017875	185.3169078	520.6408834	125.0838248	293.7003739	122.9470908	287.6792391	6.389029356
13.855691	159.5919147	410.5030627	173.4434658	416.8822197	168.021264	512.9377052	167.8751976	508.4273164	108.1880966	300.2629879	123.6819826	297.6542551	15.71196969
13.890928	145.2359709	416.7412071	166.8522389	412.5887646	159.3939613	511.6236397	170.4580914	510.8780323	114.6161957	305.1181755	121.8870075	298.1890465	10.04378075
13.917797	109.6196916	423.7976882	136.2891575	420.4360713	121.5782124	474.454113	171.8017008	500.0468522	122.4684802	303.4818063	88.99526158	279.6766704	41.07482026
13.956141	120.6032268	414.1378131	116.5398909	410.1116397	162.0963035	493.8574979	173.9013672	496.1958521	192.0702745	330.7266841	125.0097846	293.620539	76.64186394
13.988524	101.5603911	391.2304308	115.1749073	392.5798349	155.9325412	490.9973097	166.1438891	494.6202806	221.4682256	340.468788	215.4869893	341.0888862	6.013294412
14.030644	104.6959357	391.1338385	107.9589084	390.4674201	102.3668911	452.6282831	171.9435494	489.7797605	213.2169945	349.818785	221.6974328	340.2292072	12.80147789
14.077713	124.6418068	385.364368	121.0908241	382.8305873	170.285616	471.3189674	171.4679786	482.733463	244.9162892	339.4156584	242.9006946	333.1154244	6.614799388
14.133768	130.9172848	388.8718233	79.41210558	331.1308746	150.7373427	446.5914549	175.3971038	475.7468993	247.7572881	340.9352581	256.8713141	341.6226517	9.139911394
14.159594	72.20967215	338.2096607	63.7162383	321.5388269	120.4823535	422.6688275	178.1944803	498.411585	252.9581484	334.9801268	67.46578231	237.4940722	209.5493944
14.197069	72.20967215	338.2096607	63.7162383	321.5388269	120.4823535	422.6688275	178.1944803	498.411585	252.9581484	334.9801268	67.46578231	237.4940722	209.5493944
14.220574	205.651751	418.2964494	221.587921	418.5785126	143.9415886	437.2624331	174.3262099	494.5811801	252.212655	335.0797589	67.76386187	237.0673486	208.8726643
14.259044	72.61279867	341.2035278	212.5451423	421.3445024	145.3726517	439.7071452	163.6907603	468.2456074	251.7326195	338.2861518	68.10541175	238.9682446	208.765414
14.279743	175.6314598	417.9717139	214.8136932	418.8383846	216.2721911	497.2823064	179.9281828	490.3548684	245.5056846	338.7884925	242.186284	331.4609299	8.044351676
14.330084	110.44331	382.8253055	86.57939035	377.3010776	148.0028917	465.7615288	170.7141636	472.1711226	217.2368601	339.5819021	222.0984314	335.0875106	6.620757498
14.362904	108.8635206	393.6347884	104.6847071	392.9364892	168.8485302	479.7580253	156.7929232	480.3762616	221.7046145	332.8013664	205.6662664	326.4535582	17.24886316
14.429369	105.130582	403.0853675	120.807564	401.6870212	155.0620896	483.1871656	180.9577532	486.2720392	205.3332852	341.6529365	132.8316893	296.0712549	85.63977532
14.463385	146.0306914	406.745881	170.5039176	414.1290354	151.0577654	502.8018984	180.0119315	508.0244939	139.4875137	314.0857741	130.3210117	300.6225681	16.28750058
14.489255	146.6369391	413.1452532	167.1995645	408.3696346	151.2918744	508.9536722	172.1492735	507.5680934	125.1897647	312.6993403	129.9494809	306.6018855	7.735234599
14.527466	163.4205337	422.6112217	175.4923281	426.2209691	171.5677818	515.5434931	198.384454	505.9661889	123.8766871	303.5215718	132.135632	296.120311	11.09003298
14.567905	158.1157854	415.8418197	192.265815	420.8615029	175.911281	514.5259302	180.9450997	512.8092321	123.6486959	295.3031144	134.0714297	289.3964502	11.98006932
14.595721	142.7930257	414.974579	212.2436618	418.9018422	145.781155	505.2782253	211.2446802	508.4762585	121.3745972	279.0413158	166.0264736	268.9879849	45.76963542
14.632012	178.6439841	415.5056846	166.2030528	414.2644242	186.458726	512.7846091	221.8636384	512.4106654	118.5371892	259.4177864	103.0700541	266.978128	17.21601096
14.660819	193.3892419	418.8658576	125.936664	402.3518437	191.3453763	506.822904	195.1786311	504.374962	147.0238973	260.2651158	142.7832791	263.5365052	5.355822145
14.699229	211.0223887	428.4910019	114.3626885	400.1473203	202.1424717	500.4662421	182.3974039	496.9161904	171.9074128	269.5920287	149.5688116	264.712351	22.86535277
14.724867	203.7995501	423.3298121	165.7192744	411.6426009	195.5067105	503.7415263	191.4302651	500.8580071	128.2793121	232.0139417	136.4772313	234.6500904	8.611339011
14.763336	203.7995501	423.3298121	165.7192744	411.6426009	195.5067105	503.7415263	191.4302651	500.8580071	128.2793121	232.0139417	136.4772313	234.6500904	8.611339011
14.791102	182.9648362	423.0574766	217.5044078	419.3338856	204.8295385	518.0156022	198.6735849	516.744855	132.891461	227.3815016	135.5843226	225.6649745	3.193425872
14.829336	176.9293379	421.0204128	223.1671404	420.287383	199.8018376	519.0497705	208.8864528	517.9615303	121.9858227	209.1436269	76.61102414	194.8390192	47.5761931
14.856314	176.1383413	418.5888482	217.6319309	417.0763543	190.8770823	522.2014455	210.832776	518.2158165	105.4792756	206.2386954	70.92630943	194.6158917	36.45541162
14.896614	176.4951856	419.7527815	211.8419793	422.3494498	194.2725559	522.4793288	212.7111579	518.9734314	92.15322532	193.3280832	78.07172605	191.4956036	14.20023251
14.933831	169.2950511	419.8230028	218.1560828	418.4218826	194.8201149	516.4214494	210.9009454	510.4901052	93.69758101	197.0923517	81.94506931	193.5252006	12.28194194
14.960714	173.3021682	419.608615	210.3290294	417.9096623	192.2063473	516.1179171	204.6464996	513.8142175	96.41495167	194.8726289	84.74075496	194.5443405	11.67881167
14.988479	176.7143992	415.3150839	212.212579	417.109413	193.6319765	507.526865	205.2469145	510.3928669	120.3320502	207.8973887	78.31138284	198.7656744	43.00144993
15.025694	188.1203642	412.4063716	212.0000532	417.838073	200.9781584	496.9994452	190.8025672	494.2510488	129.4739102	216.4793972	132.526656	224.609888	8.68470709
15.065248	175.807355	413.2231502	211.7524547	414.3045127	190.3567683	504.167604	194.1229557	502.3917802	112.3647252	217.9306375	100.7427195	222.0545241	12.33196894
15.09399	179.8586834	413.1550568	215.1768452	414.5296541	191.0693169	504.9603295	187.2226487	502.5412664	106.6717268	229.1907641	98.60851243	227.1645299	8.313907085
15.131207	147.6110697	406.7231958	181.9888436	414.1482247	180.5346395	508.7518619	181.6031964	507.8773635	105.6850757	241.6524425	100.5011058	237.2963468	6.771197403
15.160062	158.1470772	414.8192029	201.1012357	422.1240044	173.6531607	512.0101988	179.7854602	511.7137722	138.855256	268.881152	164.2830435	278.5899881	27.21826374
15.198539	167.8143619	418.2896857	178.3548722	418.1461272	167.9141081	508.0340695	184.4915035	516.719624	132.9087693	292.0999324	128.9426336	288.488836	5.363790556
15.224113	160.5040886	420.4988828	177.1012813	419.6756065	159.1050774	508.385024	178.8579159	514.8266127	131.6227277	289.6218575	127.109204	284.0916829	7.138258021
15.26455	164.3508139	412.1750365	169.0321012	411.6117081	176.7893513	506.6975848	173.7017989	506.4446665	132.8956978	303.6013117	128.5568724	294.739748	9.866748058
15.293222	139.1100932	405.1693975	149.6574812	409.610249	172.7641089	502.0614588	172.0130487	506.6160779	140.4556785	312.6396066	127.0782162	306.0879552	14.89565823
15.32857	115.832054	416.5770534	143.177305	415.4984649	110.1804741	456.4210314	175.9755935	504.0387889	144.1897001	302.6980104	129.3615865	297.4140283	15.74145545
15.355434	115.832054	416.5770534	143.177305	415.4984649	110.1804741	456.4210314	175.9755935	504.0387889	144.1897001	302.6980104	129.3615865	297.4140283	15.74145545
15.393836	108.6380183	396.613418	110.443158	395.1634697	157.5489041	486.9684004	162.1181907	488.3479374	189.8576575	327.9380472	126.5579212	302.5359276	68.20648277
15.428156	209.7824204	406.1212229	102.1787793	375.808191	166.5335451	482.1841561	165.6014979	482.3415461	227.4122614	338.5076833	153.1911745	321.5908849	76.12455458
15.454909	87.03162999	372.7452046	91.31416054	371.7499468	108.0326825	454.0265534	171.8812318	487.8997826	233.2248602	342.317455	215.5594145	330.3552484	21.3345344
15.490168	109.922046	380.2691437	84.49290947	371.1350164	156.9688944	477.8737536	175.1260792	491.0997158	240.5351335	348.3223644	230.2249514	332.39501	18.97315136
15.516	120.3323542	380.2668258	203.8619437	417.7975286	175.1767312	493.4066832	171.9674694	494.2003967	249.6644349	337.316429	237.0651447	327.4279168	16.01639124
15.554637	138.6129583	398.4484436	201.7694401	420.0543379	175.4780406	488.1755001	173.4675568	490.4791996	254.2903393	332.6079159	266.4507463	329.6533013	12.51420179
15.595593	188.670849	424.0075541	200.9661889	422.8191497	177.5485431	502.5676754	171.9596607	491.4170036	254.9149973	331.407048	266.7333414	329.3550888	11.99515717
15.649802	173.3761514	417.1327821	80.57508892	326.9491352	143.8170294	438.5374362	164.6325161	475.2973006	255.7941315	331.6751277	59.08911798	238.5011666	217.6562643
15.678576	176.6590923	420.1109177	206.0037695	418.0920933	147.108444	439.5988494	177.3836295	495.936816	254.8037375	331.4032481	64.49256749	236.0953839	212.8425014
15.723349	202.9837974	419.2360393	86.46001794	324.193367	208.1208962	491.1400702	173.0379833	488.3576651	249.6911859	333.4393619	57.35615652	232.1453786	217.3780913
15.761815	104.6196536	364.7942759	87.74647754	349.1619422	152.8153119	454.4663485	172.030889	475.3177818	232.3858524	334.3440692	67.91456408	238.1743981	190.5240413
15.788583	104.6196536	364.7942759	87.74647754	349.1619422	152.8153119	454.4663485	172.030889	475.3177818	232.3858524	334.3440692	67.91456408	238.1743981	190.5240413
15.824835	203.0435691	406.7344814	85.69248541	371.0383481	156.6948299	463.9355849	155.8628899	464.3782679	230.0016339	327.5554399	58.50728432	242.5371816	191.4116407
15.863251	201.7671601	412.5190753	99.85266066	388.0918653	194.6120349	485.1408986	92.73545796	443.8964844	213.4469996	322.2152389	195.1522602	312.05821	20.92516978
15.886862	109.2508588	396.5281113	106.1307796	395.4868373	165.208688	477.4365044	179.4695404	485.5825936	195.7402116	320.6590087	136.1092154	294.4811869	65.12398987
15.931371	128.021302	401.4520382	130.5808837	400.9607931	157.318671	500.4316634	175.8520603	502.6404426	178.3002873	309.6295142	133.4073102	296.7292756	46.7096944
15.959179	144.3010548	410.3975027	172.9802066	405.3540704	156.2918174	498.5694689	174.2167171	507.7255973	149.0324242	310.911072	130.9962837	298.8852368	21.67770914
15.992385	144.3010548	410.3975027	172.9802066	405.3540704	156.2918174	498.5694689	174.2167171	507.7255973	149.0324242	310.911072	130.9962837	298.8852368	21.67770914
16.019253	162.3281706	413.8929125	173.5773726	413.567607	160.8553852	507.4620775	175.4025945	513.9012722	139.5099898	302.2755996	138.3795522	293.8584478	8.49272237
16.064746	167.9703839	420.9864421	200.0479542	417.6535901	167.3853204	514.1971288	198.4146249	509.3583186	130.4738988	289.0335831	130.2559582	284.2589335	4.779621055
16.092526	175.2500874	416.8095665	172.2625661	412.7950967	169.3767289	514.6911479	204.9306907	511.9322258	118.7187652	278.0005928	118.906763	278.6296776	0.656575133
16.12874	196.9671465	417.8955268	135.2454896	411.9654745	183.0370714	518.983691	185.833764	515.8373738	131.6475027	260.1151546	126.1429961	263.6341804	6.533233218
16.156612	211.8349115	426.4972945	220.3970088	418.4181207	191.7486549	508.1836317	175.5095604	506.3764591	136.3973013	253.2164055	131.0928	256.6773316	6.333699045
16.197002	194.4115926	422.084182	224.0225635	418.8923045	191.9703003	511.8971152	184.009834	508.4198307	82.76589479	234.3639044	77.63132296	234.2096304	5.13688898
16.232256	194.4115926	422.084182	224.0225635	418.8923045	191.9703003	511.8971152	184.009834	508.4198307	82.76589479	234.3639044	77.63132296	234.2096304	5.13688898
16.258058	194.1310494	419.0789914	222.7126778	420.3720437	190.4253557	507.3771127	187.682811	503.3688746	89.1693519	224.3094145	85.83674687	228.0764379	5.029584592
16.289884	195.9323702	420.937082	218.8247431	421.3189294	194.4917315	512.4282588	205.1452684	516.8253359	121.6731897	210.7892677	70.65289093	199.9273278	52.1637099
16.325135	196.0024015	418.5368282	218.7416023	418.3425796	207.5357186	514.9960482	204.8918182	514.1543425	110.0699173	199.7040864	76.20607369	187.1239284	36.12506441
16.368825	184.6722626	418.2188944	213.7120015	421.5272754	201.2696452	507.0477414	204.3827517	505.1263831	93.28020504	168.9479724	83.56061527	171.4288401	10.0312078
16.395394	189.8717549	408.7460482	215.4373252	421.4622598	206.0237187	505.6034928	202.8850012	504.6541373	90.81858357	162.0237073	94.34836302	174.6760244	13.1354662
16.43162	189.2863874	413.0404912	215.9224906	429.0603721	202.1075891	507.8475727	209.6029532	506.6581043	95.97226866	161.615432	98.64157116	172.9791616	11.67302561
16.459435	189.2863874	413.0404912	215.9224906	429.0603721	202.1075891	507.8475727	209.6029532	506.6581043	95.97226866	161.615432	98.64157116	172.9791616	11.67302561
16.498894	189.0851851	413.7002599	217.5566178	425.3320313	209.9983661	505.4345513	209.0136339	504.1466668	88.00832548	163.5905391	96.06105226	174.3359375	13.42795572
16.521532	189.5902997	426.9938974	220.6646705	417.1918698	207.4658773	514.1803715	202.0709965	513.0654943	96.15321772	172.761582	89.37462001	174.297673	6.950464906
16.56095	192.0647267	419.9147313	212.4178092	422.708308	195.4272556	517.1689567	203.9559901	515.8379438	88.57275581	191.1619004	78.92209539	190.1626148	9.702258407
16.596283	179.9792908	418.854268	212.134682	421.8136704	192.8930569	513.0904593	208.2993373	513.9816771	123.645656	211.4192075	109.0453627	210.2445586	14.64746961
16.628035	182.9908652	411.9050568	216.3466303	413.7101015	212.6091698	503.2380837	191.796077	494.636316	98.23021796	221.4969715	92.8933419	228.0165712	8.425403592
16.656849	183.046609	413.0773498	218.9421966	409.8661691	196.4153696	502.1452836	205.469624	504.2907572	89.16559004	234.27153	80.86442881	233.0160012	8.395572071
16.697264	181.0999438	413.9678076	213.6255168	412.7153377	190.6270139	510.858881	211.9193823	510.8102429	131.5978386	249.8899942	129.5227003	251.588624	2.681705079
16.733529	166.5846721	416.0535095	204.9899304	418.8762312	181.1292026	513.0947152	180.7156265	509.5259302	125.2911448	277.2850613	132.5972573	276.3421085	7.366711548
16.761446	162.2116291	418.8579159	199.5272982	419.0477946	160.390169	509.2145702	203.2588309	511.6834494	121.223002	290.4877493	120.0892776	286.380829	4.260531125
16.80176	168.7851487	420.2234694	209.0721516	421.7231958	177.8174398	518.306975	175.9285893	516.9556329	125.7200533	295.7936945	128.3433586	294.2414351	3.048153496
16.825381	170.0496641	416.7307195	191.5851091	419.7360621	176.4918607	518.3654548	168.9386628	517.6454204	127.2232566	305.6332837	124.2530247	299.3705162	6.931416499
16.863935	170.0496641	416.7307195	191.5851091	419.7360621	176.4918607	518.3654548	168.9386628	517.6454204	127.2232566	305.6332837	124.2530247	299.3705162	6.931416499
16.893679	159.451833	414.2321635	182.3881703	415.2388588	159.9955542	511.1019957	184.3382554	514.2122522	151.7619923	306.875057	124.922483	295.5065585	29.14793337
16.928852	159.451833	414.2321635	182.3881703	415.2388588	159.9955542	511.1019957	184.3382554	514.2122522	151.7619923	306.875057	124.922483	295.5065585	29.14793337
16.955759	142.8204797	405.3302833	143.9115888	404.9648134	162.0004332	495.9276964	179.2645762	505.4245577	196.3603098	323.1962853	146.197296	316.015302	50.67439657
16.989948	128.7256619	410.3748176	175.4480218	415.703999	112.2809574	471.9169504	183.1019729	511.1032496	220.2163637	334.9043957	217.2878541	330.0324508	5.684365878
17.017827	115.8552332	411.1701651	136.7010617	411.2588537	114.0390169	468.2275961	187.4149213	504.818025	231.2676693	334.8842184	230.0142875	331.9364816	3.203141957
17.05618	117.5167574	400.4601243	126.8631065	398.8489102	155.1887768	489.8621413	184.3875395	501.5197136	234.3897814	335.1676496	239.6326681	332.2793425	5.98583148
17.089517	100.6861017	394.973477	162.7270413	412.5215072	158.8320199	483.4572972	179.7565813	494.8377462	236.5160658	331.9107186	237.5870927	327.1115409	4.917235531
17.133599	104.2381103	394.2487688	170.2927408	412.2774805	102.1477725	455.8152967	176.6192318	493.4398179	245.7744103	328.5719388	238.7908864	322.8565783	9.024131599
17.167756	108.8876307	379.6539853	169.7807484	404.8163531	105.0237111	448.6169671	175.027188	485.2752994	249.1297954	330.5582366	62.59203247	222.2939719	215.6791321
17.195525	80.11414762	361.6851213	83.0181291	349.115736	169.0255844	473.4325602	175.0080937	484.3709722	246.1634773	332.6793151	65.48744528	221.4714935	212.1579792
17.230855	80.11414762	361.6851213	83.0181291	349.115736	169.0255844	473.4325602	175.0080937	484.3709722	246.1634773	332.6793151	65.48744528	221.4714935	212.1579792
17.255603	82.70815601	367.4349845	167.1578231	407.6092838	177.3288166	477.1035232	172.0965315	465.9034153	237.8343492	330.7762342	64.0702897	229.0303152	201.3608214
17.290834	121.1439841	385.0168714	200.2681937	413.2431755	155.3537094	449.0644379	166.8828847	462.6155536	228.7925584	330.624202	233.5777906	321.4521142	10.34531982
17.31871	121.1671062	379.9493479	198.8981183	404.4673365	186.7361153	478.6331925	176.7229298	478.3156007	232.2306663	327.3730089	231.0088993	321.2906584	6.203845715
17.358146	173.1433533	386.4019562	86.83664047	367.0434095	217.6214813	469.2041966	176.145181	466.5552803	228.411433	324.4431314	207.8572623	314.7187348	22.73846571
17.382709	194.5197364	390.7769182	116.6447288	375.4607703	183.6316725	462.3132372	151.7875654	450.9650489	217.13643	321.8370395	195.4747918	313.8234512	23.09641025
17.422174	123.7744711	393.2376657	90.95912117	377.0978234	155.6885336	458.1941573	139.714631	455.1507022	198.5001596	324.6784943	156.6071293	308.332263	44.96915906
17.449871	119.4875327	394.5622568	105.8508633	379.8336424	145.1054839	463.3248723	181.8866276	481.1821346	194.9315266	317.0114148	145.7253921	301.4688336	51.60247572
17.485254	117.161737	408.1816178	129.9036357	407.5766431	80.62131414	438.5092412	187.4356305	489.5672346	179.7452578	315.1894417	145.678198	298.6113243	37.88665387
17.524685	129.5201734	406.041084	136.9870197	405.2203155	110.5650763	460.4751338	183.4920279	503.7545598	151.0455679	312.8339502	115.6755761	280.6054498	47.85094105
17.551601	149.6549922	413.7640975	160.6988502	411.3065038	156.8033538	501.4304171	175.7612438	511.5206256	136.9338597	310.0979602	128.4295583	303.5854853	10.71146454
17.59135	168.2152845	416.5067181	173.9373898	422.9900292	174.062025	516.9474632	204.8985439	507.1992036	120.3293524	302.0038151	126.2697402	300.0048828	6.267690035
17.627525	169.2010807	421.3859588	208.5776766	422.0159366	173.3563541	520.1757053	208.2085588	512.2180128	120.8988935	292.4172012	125.5559187	286.4769083	7.548176143
17.670232	164.1554254	415.0337047	181.2806648	415.155832	167.2800264	512.3312865	212.2525155	504.4392175	127.6847679	281.1358714	132.8108471	274.6639409	8.256062721
17.726338	164.1004415	413.3215285	174.947714	413.8035779	167.3272396	509.3913014	218.4525854	505.8545112	115.3139059	274.4644106	114.8683161	271.2222991	3.272588784
17.764853	184.2428411	413.2773362	134.323018	408.463301	185.4495987	505.8102809	155.6793189	493.881361	113.5713309	254.2433541	101.5816133	258.6803677	12.78438179
17.808902	180.5581986	412.5821528	208.9711135	421.2359405	179.9508299	509.3017768	186.3816269	506.5716956	142.7522343	247.7142358	143.1308518	250.5858235	2.89644045
17.84927	198.8997522	418.4739786	165.8729405	410.0112096	192.5348067	501.3578399	173.8399805	497.448094	132.7494794	236.5905619	135.6420613	237.2617301	2.969427046
17.892236	180.8177666	412.4287147	209.2489968	419.0274653	205.7076848	508.5578414	188.8348887	511.3636916	94.34228326	231.2599936	83.22261825	228.4039093	11.48059961
17.928415	180.8177666	412.4287147	209.2489968	419.0274653	205.7076848	508.5578414	188.8348887	511.3636916	94.34228326	231.2599936	83.22261825	228.4039093	11.48059961
17.957262	177.7918098	410.4222778	216.0454539	417.292414	206.0317364	505.1429885	202.786699	504.2381293	119.4213582	223.384796	95.59530414	231.3253891	25.11441561
17.99469	182.3763527	421.7477429	205.8194385	420.5439871	182.1759484	517.3606973	183.5771066	513.3442136	116.2880745	223.9960216	92.11287087	226.1695951	24.27271914
18.029028	174.8628253	418.1732581	204.0856791	418.8692014	187.0868419	518.8399045	181.8291738	514.4087427	106.8569887	215.6289138	96.92903393	218.1023529	10.2314313
18.0557	171.9894136	412.995311	207.108463	417.0276021	207.7372249	514.6399258	189.6573292	513.3098629	104.2164131	213.0059506	88.01472823	215.8459805	16.44871917
18.091963	169.6179817	413.8112536	208.514485	414.4167224	200.2575161	510.519744	188.254081	510.8266963	112.6924626	217.8985477	86.99498039	213.5811155	26.05764404
18.119803	177.4340535	418.3127128	210.0498921	413.2473173	184.2614224	513.3162467	194.7415719	508.3396158	117.5366496	224.2250198	99.4089517	215.4385792	20.1448497
18.156227	195.7117887	421.2480241	207.2192288	418.9241093	208.4285703	503.2226183	187.3711089	499.8141111	101.3047939	219.5175895	90.01848629	223.8691444	12.09614688
18.180842	178.5451309	410.0242051	169.6300842	407.7770094	186.6015625	501.8785719	186.7068185	499.6388619	102.4838886	226.4499673	92.07356138	230.7907686	11.27907219
18.237035	176.120767	410.6977292	166.980275	408.6248328	186.0763087	500.6454432	186.7928472	498.1443033	92.14429566	232.7451286	84.74704371	229.9559407	7.905624925
18.278348	189.1552924	412.3067014	128.4194887	399.141689	192.9288515	501.6016385	174.7982847	498.5223507	103.8089927	253.4253785	96.66234117	249.4094077	8.197722245
18.310187	181.4351669	416.9570009	140.9826423	408.384492	183.280262	506.2471881	171.4949006	504.2119483	119.9805447	259.5954675	121.7740379	262.5501771	3.456432564
18.363116	166.8183062	418.9183715	200.9255305	421.405984	166.4993274	515.806025	179.6529213	514.6809643	138.2397556	284.5079949	133.0091424	285.3036083	5.290776373
18.391496	168.7945533	417.1973796	207.006399	418.3835041	169.6853151	514.113912	196.6196498	509.713909	145.2213415	297.1204326	134.9573086	295.4826195	10.39388293
18.426724	168.7945533	417.1973796	207.006399	418.3835041	169.6853151	514.113912	196.6196498	509.713909	145.2213415	297.1204326	134.9573086	295.4826195	10.39388293
18.455951	170.4116572	420.8346379	172.9786296	426.3223872	165.9965877	520.4085603	171.6266225	509.9373784	152.2582723	313.1983372	132.2522115	310.2742165	20.21862877
18.49501	165.9413189	418.4683548	171.3187774	428.2764622	165.598743	510.521568	179.2275277	519.5172285	170.3138489	312.0209144	137.5110956	305.7125866	33.40382655
18.530242	165.9413189	418.4683548	171.3187774	428.2764622	165.598743	510.521568	179.2275277	519.5172285	170.3138489	312.0209144	137.5110956	305.7125866	33.40382655
18.561019	141.5332601	411.3574219	165.4129871	420.4658241	150.4909981	504.4714783	176.9649805	513.5654791	193.9399167	323.020466	108.6142502	297.448417	89.07524378
18.599483	130.0947304	407.2302864	160.1071749	413.2665826	159.4861457	506.7685661	181.562804	508.4280384	213.8074918	333.958422	146.432051	305.2678517	73.22976747
18.623058	124.1502386	408.4988676	131.145162	405.052742	170.2797453	504.9605955	182.2833703	504.8836485	237.3104633	336.4824751	217.2516795	334.2911752	20.17812182
18.660532	161.9327958	421.2593476	118.2573679	404.1101882	161.5455717	488.9026021	180.4792756	501.5818413	232.6867248	343.4175128	224.4099207	335.7162725	11.30551144
18.685117	218.6516218	427.812158	112.213814	392.1206226	173.646891	499.6112369	168.5824454	496.2003359	240.1318549	335.5483949	99.5989064	266.7135062	156.4856272
18.724547	114.3432712	392.9518406	112.6154776	391.2276949	156.3460223	483.1734101	173.5103812	493.1077867	243.1593507	338.540438	211.1633633	326.9743662	34.02230482
18.752394	107.9559635	389.5716045	116.7289336	388.1627326	152.2010085	486.6836393	178.2762152	494.7530475	247.9350453	337.8310433	222.891423	326.6539245	27.42464227
18.788656	88.48988099	382.474921	214.3079326	414.5650307	148.5544215	478.385062	181.5571422	494.3282238	245.7350058	337.3909442	219.5241823	327.1149608	28.1532077
18.817466	91.73875623	377.2791525	88.97565433	378.0400353	158.8519311	475.911547	179.0428928	492.0032071	240.3283454	343.3391598	98.07755882	261.8504719	163.9380753
18.855864	106.8823337	382.187158	90.34812363	368.098325	160.3046723	476.5790294	175.3886871	489.6288303	238.8170294	341.1024137	89.55045826	260.5593195	169.6104339
18.892169	92.66075283	375.3181238	91.26755533	369.3680463	206.3897206	493.2215163	180.415856	491.9599267	235.7620227	342.290932	92.84158788	265.260081	162.3576383
18.920005	210.3847352	419.9601015	90.94386476	375.67778	156.4034381	477.6748313	185.1865728	492.4819887	225.8368799	346.0255426	97.65674398	258.1800789	155.3929623
18.956559	104.662117	387.4000638	103.8132486	386.4825891	159.0206446	477.3013056	174.3949302	490.1532861	224.9464221	330.2553502	96.38654776	259.9454341	146.530289
18.996222	216.6875532	420.3347291	103.8421085	383.8856168	165.2919808	482.7652298	171.7065335	490.2949067	221.2373465	332.4819887	191.4085679	323.7586257	31.07817713
19.031452	136.8325746	413.2708384	118.0484329	411.4453885	155.6638915	490.3144379	173.6695951	492.3345544	205.365508	327.0296541	158.6767008	314.6148468	48.31120111
19.058265	136.8325746	413.2708384	118.0484329	411.4453885	155.6638915	490.3144379	173.6695951	492.3345544	205.365508	327.0296541	158.6767008	314.6148468	48.31120111
19.095938	138.9516773	403.463985	136.9768741	403.0594145	157.2253845	497.2157709	176.1666122	504.5994954	197.8542984	321.1318625	140.6366086	301.1771758	60.59747151
19.119318	140.5622454	403.1319157	153.6869224	408.540514	169.3779259	512.3806466	165.6207442	513.6385123	186.1525337	324.7747446	156.8770329	316.1002667	30.53361287
19.158784	171.796362	416.4045021	174.7037444	419.7452578	161.0462708	509.3665263	166.9448603	518.5780946	158.9641218	308.4059042	140.4285665	301.2695502	19.86188198
19.194005	169.3066976	418.2257721	174.8215399	423.7115455	160.8527063	511.3252371	169.5506293	517.3318185	149.2050705	313.3144797	133.7782329	307.8702958	16.35929269
19.219847	170.026846	419.5359998	210.5427332	420.9518634	168.9701825	520.7531311	179.1115561	518.8843628	140.0886506	311.6273065	132.6852999	310.3980347	7.50471258
19.260035	167.3936421	420.6529289	169.0565722	421.3464023	170.6072167	520.5753739	181.8838537	519.0061482	143.0360834	308.1463552	129.8791076	308.8304619	13.17474909
19.317304	172.6707844	418.7392084	162.552856	417.6403666	172.1688047	512.2931359	170.417908	509.7805964	129.5658097	289.4830489	132.8987567	287.1396788	4.074299796
19.343967	181.2893285	413.1275459	139.2931321	407.500342	182.2351122	512.5809369	175.2010883	508.6537117	115.4963179	281.4539762	112.2752386	277.5671434	5.04805118
19.390987	211.0480378	425.389371	126.3856928	404.5730104	198.4722687	506.7475149	142.5353196	490.729192	117.2465497	262.7627029	132.7194036	256.1956431	16.80879177
19.426185	206.0848203	423.0065585	110.1921206	397.2748206	189.9976061	510.4882813	180.9061892	506.0058594	145.9333582	250.729686	146.537516	252.0550371	1.456558342
19.464651	206.0848203	423.0065585	110.1921206	397.2748206	189.9976061	510.4882813	180.9061892	506.0058594	145.9333582	250.729686	146.537516	252.0550371	1.456558342
19.490503	176.8334486	412.9472808	215.4746398	411.5136719	188.5558655	505.234679	178.8491382	500.8391978	139.1736267	250.5132843	146.146188	248.7631095	7.188860984
19.525682	185.5430371	416.3602718	215.2137038	412.2114391	189.4171784	504.6015853	186.6494787	501.3871367	128.8493662	235.1197904	139.8281326	236.1692531	11.02881154
19.552569	192.3980879	413.4345741	160.5318656	410.2328931	194.9879545	500.0206332	172.8594472	496.9713643	92.32606168	239.7306093	141.5469206	248.1428973	49.93455258
19.586743	205.8264303	421.2835527	150.0935904	404.5641947	212.3574675	503.4197927	171.84994	495.3243555	121.6566224	230.495501	132.214441	230.2206385	10.56139586
19.6156	178.5783036	408.3346379	162.7064271	404.6134788	188.046153	497.162269	175.91073	494.0059962	137.7363129	246.8083316	134.3354055	234.2855704	12.97635224
19.648951	183.8071878	412.0120607	211.1775368	413.8639956	189.7232566	500.6325237	178.9441725	497.0354298	138.1555888	242.501102	137.186569	229.2342154	13.30222831
19.691882	175.9405209	406.0987658	167.2297544	404.4663105	190.078505	500.3612901	176.8693572	496.380677	132.2003625	245.4735378	80.45127067	239.5356198	52.0886492
19.729084	206.587807	419.4555189	112.1433837	399.1231457	195.417908	498.6577775	168.490869	495.0208992	134.530528	243.6876064	143.1602436	252.7477505	12.51232203
19.755935	206.587807	419.4555189	112.1433837	399.1231457	195.417908	498.6577775	168.490869	495.0208992	134.530528	243.6876064	143.1602436	252.7477505	12.51232203
19.793359	194.3947212	415.00057	114.3036957	402.2592412	196.9209782	504.6570632	178.6557066	500.0561618	144.1265465	252.941467	142.526181	255.1518802	2.728936797
19.827654	189.9115014	413.8710254	127.579379	406.848667	191.2519759	507.8398589	177.0524912	506.5639059	133.1298828	249.8919511	135.1694925	252.8019934	3.553639482
19.854469	181.8890595	413.4061892	136.1216599	406.3107597	186.5381049	502.6369467	171.3229002	500.3011004	127.5294109	255.8439096	133.0488319	259.7506916	6.762170821
19.888625	164.2467549	412.3593674	173.5747127	411.6464768	171.537402	507.525117	180.7742963	504.4424474	123.4525474	267.3139591	132.6411646	267.3136362	9.188617163
19.932738	166.8896104	423.5746747	176.6439499	422.9868753	167.7029122	515.0477642	203.0348675	513.5062774	125.572239	290.9556633	128.3812242	296.641461	6.34182092
19.973505	172.0993244	416.1553076	166.7267107	423.3262783	170.8907238	518.073246	182.422863	517.1895899	123.176697	311.7856274	119.6989376	310.7479633	3.629264074
20.01699	167.9208528	415.7244802	166.536243	421.5834752	162.1633139	508.9083019	175.8887289	513.9652997	137.3301085	316.1226669	125.0746481	312.0642517	12.90995906
20.056825	122.4324576	407.2721987	135.6684133	405.1851289	101.7302446	481.7027906	178.2926876	506.8047787	189.6998495	326.8273878	112.0805151	300.6341196	81.9197679
20.096239	122.4324576	407.2721987	135.6684133	405.1851289	101.7302446	481.7027906	178.2926876	506.8047787	189.6998495	326.8273878	112.0805151	300.6341196	81.9197679
20.118873	117.4836986	412.865736	167.8770975	419.6114649	148.1333407	499.9760609	185.1069279	514.3123404	116.3393156	297.4544587	219.3603706	335.9489376	109.9780099
20.15632	112.6218613	405.6308518	119.0980856	401.380487	152.238551	492.4805447	184.4406615	503.5987658	229.6775444	346.2297088	232.8431268	337.188374	9.579490978
20.191517	108.853185	395.443557	109.1994847	385.8211485	159.6043212	491.3747112	181.5180797	503.4441117	121.275896	296.7330375	246.2097215	338.6399562	131.7749999
20.217361	111.4093279	392.0798881	105.6663424	380.5614284	162.8300173	487.1059171	179.8024456	499.6138588	84.64000182	273.41263	91.38820069	266.8943033	9.382258305
20.270116	108.203923	387.5876246	97.90806633	378.9083019	153.9624118	483.3798942	178.905566	495.8762084	250.6971592	341.8276158	235.4015686	329.9065236	19.39246073
20.319883	108.0528408	378.0259758	88.94905536	369.8333004	158.3150687	477.0366078	175.885632	489.843902	254.8293106	338.17607	101.0560744	265.9154608	169.9052789
20.359791	105.573835	380.9682028	90.84807043	372.7172377	163.9211454	477.5361746	175.5156592	488.4264044	244.4662725	347.8489406	103.9546981	268.5082343	161.3643399
20.398248	105.573835	380.9682028	90.84807043	372.7172377	163.9211454	477.5361746	175.5156592	488.4264044	244.4662725	347.8489406	103.9546981	268.5082343	161.3643399
20.420843	89.5884568	381.3489862	93.20677286	374.6331241	159.6932568	478.2118267	175.4451149	486.2935463	239.2604344	351.6628541	97.55167802	265.2516263	165.976721
20.459218	89.48076894	383.5444279	94.38170674	374.3721121	164.1506566	478.8314309	180.1369467	492.2557834	231.9584448	351.3820829	127.2882341	284.6645489	124.1252688
20.481044	99.82049489	400.3175918	102.5147054	384.3458171	165.54697	485.2851411	204.4433214	497.4113874	227.7887889	338.3159047	86.81083946	264.1732847	159.285625
20.519469	203.983083	428.2229602	107.0228903	402.8470027	162.8268824	484.1495927	185.3568443	501.4880609	211.9475772	346.014523	124.5703505	291.1663842	103.1653919
20.552062	115.2747484	415.8375638	155.4780976	422.2852702	90.43210041	452.9883572	194.9197471	503.2942835	202.2030794	351.3884287	120.9755935	285.2716136	104.734606
20.587261	103.5723758	414.2653742	155.7324789	423.4395139	89.56102186	458.6051116	187.6773392	507.6119437	203.1593127	344.6074751	101.7672931	283.7814438	118.2376747
20.624702	139.5782162	415.3174018	160.1404426	420.0492841	159.4737202	498.3372598	193.6797027	503.6021857	123.4454227	298.619399	116.613893	294.2352224	8.117314981
20.652533	166.2010579	418.8446544	183.7779289	418.9892388	160.2713856	510.9316102	174.4144615	507.9293835	132.6610948	305.6695533	125.2901759	304.7008375	7.434302696
20.692701	167.5995372	423.8391066	175.7829599	423.6750289	163.4087921	519.9052696	169.3878815	510.1851289	181.6361792	325.7189324	125.6376345	313.1236321	57.39754868
20.746777	174.8380122	421.6210558	170.7156265	429.5031311	178.4216546	519.4361777	182.0860059	518.8859588	180.8290522	323.5859223	148.3613509	324.3374194	32.47639715
20.776717	173.5189879	419.4448793	174.3924603	424.5880198	175.650934	519.141119	197.7216075	515.1607338	171.0303684	319.7481077	146.667186	320.7685205	24.38454227
20.832061	165.2280862	413.6894683	176.8608455	423.3657208	165.5425812	510.5789458	186.1552696	514.4886536	137.3357703	301.6791935	136.2891385	306.2462191	4.685420068
20.860022	151.4814301	406.4030201	136.015321	409.4703003	171.4795302	510.5756779	182.681633	508.4433138	134.245273	298.4504005	130.6538599	301.0136871	4.412333399
20.899366	174.296286	412.2991397	123.0974511	401.97828	181.4991564	507.8541844	181.874544	507.0817121	115.3967618	287.7733235	120.9669299	284.7968028	6.315571883
20.922913	174.296286	412.2991397	123.0974511	401.97828	181.4991564	507.8541844	181.874544	507.0817121	115.3967618	287.7733235	120.9669299	284.7968028	6.315571883
20.961375	121.8544048	404.8295385	116.926621	404.9702091	183.1393634	514.8343264	178.7127424	512.578999	109.4125616	281.3199933	109.1100172	277.759625	3.573199603
20.995691	106.0232247	399.7427499	111.6265085	399.3707822	186.7896553	509.5019531	181.0824644	506.9248921	110.8416107	272.3557005	121.9325868	265.1350848	13.23431307
21.022498	189.5992674	418.4451757	124.4040499	394.1954569	184.8539336	502.4288287	175.3201187	501.4616899	112.7651918	269.5173235	105.0448193	263.411414	9.84308302
21.049328	183.9437546	415.5614664	163.6059665	413.1555888	183.7903165	504.5774562	182.6870668	501.8846896	127.0698185	254.1469708	136.745957	254.8236488	9.699770522
21.08358	178.7339266	414.2594844	172.1247454	412.3287026	186.9720483	507.681253	185.416084	504.2519227	139.3258869	250.597774	146.2560608	251.5209866	6.991396959
21.135256	178.8679855	416.7649942	165.3333802	414.271644	192.8852672	506.8960512	185.5608205	503.9985105	151.6161159	250.651599	151.6378131	253.3910848	2.739571725
21.182035	174.8921411	411.8956712	203.7521659	411.0251626	189.0006004	503.7029578	189.1704539	499.5956955	151.9563169	252.0196224	154.0802263	251.4458635	2.200043334
21.213885	171.4861419	412.9474328	200.729268	412.6972124	187.6158576	504.4719723	188.4462017	500.9693428	161.7520747	250.8681147	156.875209	257.9648551	8.610896867
21.265389	183.6093294	412.083042	116.5346091	396.2541418	190.9086971	503.4330162	173.7704052	499.8820905	152.7997515	249.9300067	149.3197121	253.4749096	4.967596037
21.292132	183.6093294	412.083042	116.5346091	396.2541418	190.9086971	503.4330162	173.7704052	499.8820905	152.7997515	249.9300067	149.3197121	253.4749096	4.967596037
21.326372	189.63453	410.6737141	123.4485386	400.467458	191.7990409	503.7616656	169.4549869	500.5028727	134.3178882	256.4168326	133.7279988	260.0440403	3.674861256
21.352219	175.7075708	412.5346547	138.7524129	406.405186	157.7975096	498.9926967	177.8148939	506.6190038	118.0050006	258.1671784	111.7053935	264.2882303	8.78363971
21.38741	162.6262692	417.5797589	183.8234892	418.3126748	152.5856297	508.6521918	186.8394334	512.5362126	118.6283097	273.8248191	128.9433176	275.1836659	10.40412672
21.414268	170.9805523	419.5144546	179.3015108	420.1800751	158.7710512	508.9148377	182.4620395	516.7746459	132.8850962	291.587465	128.3786973	290.0972003	4.746421877
21.466036	171.5948178	424.2319355	171.6697129	424.3346455	167.0691535	519.2044625	192.5895626	511.4933047	126.9889576	305.8742134	125.0187903	305.4762737	2.009954076
21.511753	164.9809627	418.931861	169.4024349	422.3588354	162.863532	513.9252493	180.0210132	515.9096471	132.3610203	313.0107954	121.3494042	310.1114877	11.38690806
21.551968	145.5093324	411.3651736	166.5986936	410.8510533	159.6786463	506.5695297	166.6777116	510.3691178	112.5574348	309.8652002	119.6417308	308.8264911	7.160039519
21.595978	128.358501	409.6062211	168.1274319	412.5419884	112.8764325	478.2928396	180.2832031	508.0897374	123.4867271	303.2246702	128.8614117	299.453334	6.565836677
21.631283	128.358501	409.6062211	168.1274319	412.5419884	112.8764325	478.2928396	180.2832031	508.0897374	123.4867271	303.2246702	128.8614117	299.453334	6.565836677
21.658073	120.5104344	414.0933168	131.015454	416.0530916	147.7258253	498.5515716	173.1630175	500.990166	189.3352535	336.3636536	203.6374483	340.2210755	14.81325351
21.69229	120.7490272	402.34432	174.9631414	410.1981244	152.1994695	492.6878648	184.451985	502.8814674	140.2010123	303.5278035	220.8298501	334.6256384	86.41808159
21.719148	109.687538	399.8214449	122.5722542	397.4442181	161.7587625	495.0902845	181.3079478	499.8050675	81.68335436	277.3567075	226.5065661	335.4276736	156.0320473
21.756664	109.4598127	392.4707411	122.9324044	390.3357551	160.7275581	484.3441072	174.7701278	492.1532253	80.8177096	277.4205451	233.0192121	330.2316391	161.1034109
21.779264	110.4520116	395.2273453	126.1740599	392.6100058	158.7429893	479.0662239	176.3564719	488.2092808	239.1254256	340.7258481	233.6756749	327.9188959	13.91825449
21.831857	111.5000494	393.2113707	154.2041016	405.7691665	158.8152055	486.0063534	171.4279662	491.459106	236.1050736	346.0605393	230.2935767	332.9649501	14.32717523
21.879831	107.786205	387.2226866	96.96338461	376.7097443	157.6272761	479.6833582	175.7866078	487.3150991	227.3739588	349.9778848	98.57676465	266.693557	153.3786051
21.934226	102.7632159	395.2253693	98.61597915	380.677362	157.1311102	483.4848462	179.2496048	493.4964737	209.9076255	342.2050933	129.4945054	293.1493191	94.19521685
21.959927	102.7632159	395.2253693	98.61597915	380.677362	157.1311102	483.4848462	179.2496048	493.4964737	209.9076255	342.2050933	129.4945054	293.1493191	94.19521685
21.99433	107.9406121	395.0621656	101.9297749	380.0740972	162.917604	483.4486336	173.1789579	491.1409062	204.5268802	342.4278028	154.9836036	314.350035	56.94644234
22.022009	108.3396728	401.3373966	122.4151493	399.0212336	162.3047065	490.1469784	177.0883428	498.6703551	195.9924459	333.8064658	160.8272852	317.6525451	38.69803196
22.060747	133.9628488	408.7520899	179.4741762	410.2143118	155.390701	491.9489072	184.6269683	502.3205709	194.061246	331.8710862	164.1110621	315.6947843	34.03948086
22.084107	132.5097466	408.4590832	175.5539237	409.1977368	151.9984953	497.81288	183.8633496	504.8760108	189.3376854	330.2202015	157.4266058	311.2675553	37.11495387
22.121535	145.7960504	407.2755046	158.4463157	415.0958323	157.6621208	501.9172164	178.7136164	506.225035	188.6130153	321.7600164	150.415552	310.7365257	39.75630193
22.162762	154.5374628	408.4732186	164.1608402	421.3837169	152.9574074	510.4452669	177.813241	515.8692166	168.8885047	320.5328915	143.202175	310.0967443	27.72545221
22.212437	165.8392358	419.269972	166.2363015	421.144744	151.0983098	517.6997963	168.2437264	521.4392327	149.4313518	322.6526401	139.3885275	313.8230522	13.37235747
22.262905	168.1626566	419.3573687	203.9180675	419.3527329	164.7700138	515.6538789	171.979876	511.902207	143.229097	312.5998032	132.4374164	307.9730438	11.74168949
22.288933	168.1626566	419.3573687	203.9180675	419.3527329	164.7700138	515.6538789	171.979876	511.902207	143.229097	312.5998032	132.4374164	307.9730438	11.74168949
