time,x_LK,y_LK,x_RK,y_RK,x_LA,y_LA,x_RA,y_RA,,,,,,
1.258127,165.806139,415.4902572,171.7534047,420.0551739,167.4040917,512.8077122,167.473648,512.0098948,,7.497228407,0.800843732,97.33057331,,15.88255804
1.421072,163.438146,417.6520322,175.8772533,423.3577411,166.5296313,508.5400961,169.1384211,510.703049,,13.68526596,3.388827152,90.94062591,,0.961799791
1.500767,163.4082031,417.707358,176.3632547,423.0524228,165.3043873,511.0006916,168.6537117,510.1109937,,14.01438831,3.465477787,93.31260155,,11.73132183
1.546797,163.151884,416.9189643,175.8382098,422.7686497,165.0089867,510.3180098,168.8819689,509.296343,,13.97002797,4.005470531,93.41750655,,-26.14934289
1.592464,163.4097801,416.9617127,174.8511217,422.8021264,165.5685912,510.4185539,168.2102497,509.4567349,,12.84580592,2.811308489,93.48177166,,1.375877327
1.637312,163.2925736,416.8427772,175.4090353,422.889751,165.4552605,510.5521948,168.1742461,509.6241184,,13.54158544,2.873013835,93.73437023,,-6.498905109
1.699316,162.5752751,416.9088187,173.8601008,422.1485515,165.2943747,509.7894881,167.2775755,508.3170446,,12.44194884,2.470055723,92.92046196,,158.9069719
1.743919,161.8129484,415.6482931,180.8688746,420.9802104,162.5505191,506.3579539,171.5586621,509.5524152,,19.78781609,9.557783389,90.71265939,,78.39537505
1.793142,160.2739125,417.0166206,178.6498928,422.6706894,161.6881232,506.1794367,174.1114991,511.2455922,,19.22615786,13.41663893,89.17403079,,-133.7862336
1.833533,162.9137471,418.9924687,173.463168,422.6651037,162.8803844,507.7830131,169.8754408,511.6913911,,11.17043102,8.012879172,88.79055067,,9.478251647
1.879717,160.5417072,420.4834174,171.0056314,425.6034548,161.2117165,509.9584676,168.6748769,513.9225894,,11.64939881,8.450622746,89.47755876,,-69.76439697
1.926239,161.8628025,420.5369194,172.6864588,425.2984785,163.177476,510.5804657,167.4323246,513.5785886,,11.82471906,5.205043471,90.05314318,,19.28666919
1.975732,159.1428099,419.3339616,175.910654,419.8190889,164.895922,507.7473325,170.4473378,510.416122,,16.77486048,6.159598589,88.60035244,,-6.21680362
2.025727,157.420697,409.2864254,169.9531098,413.5398301,165.3858942,505.0640655,170.8397108,502.9511947,,13.23453143,5.848789492,96.10827597,,-54.86380625
2.067579,164.1721448,414.6474115,170.8011802,420.0995562,164.6821232,512.1027253,167.2867712,509.68674,,8.583122518,3.552629473,97.45664814,,10.93086438
2.110223,163.5790636,414.5271842,168.3558791,418.9377508,165.4966409,511.6014485,168.7310007,509.2162041,,6.50162011,4.018765254,97.09320209,,-36.53887978
2.15806,158.0661403,413.5373602,166.6993897,418.0564886,165.2799353,508.0399593,166.4280422,506.0807165,,9.744512132,2.270854862,94.77752938,,46.50725954
2.199773,156.6114421,415.0045978,172.0490523,420.4640382,165.9033203,510.9929779,169.686436,509.1439309,,16.374532,4.210812179,96.43706816,,16.24797644
2.242396,156.9551959,415.7865318,171.5447357,420.6844677,165.6610796,510.5767039,170.0586317,508.4077471,,15.38975138,4.903349679,95.189123,,44.51776709
2.285263,155.990356,415.7324979,176.2338126,421.873898,165.2442546,510.7618707,171.7812956,508.8471243,,21.15453451,6.811692801,95.47887899,,12.1359824
2.328617,155.8647708,414.6443337,176.9436064,418.9715315,165.2008603,508.7824888,172.316505,506.9904396,,21.51840958,7.337836182,94.59997258,,-8.462731552
2.373489,153.2896857,412.6191634,174.1192888,418.4001474,163.9662117,508.0629104,170.5043926,505.6823018,,21.61694107,6.958096492,96.03903919,,95.16144464
2.415638,153.3520983,413.4779304,170.9930349,416.641841,162.4878025,512.238304,173.1389075,509.6164427,,17.92241542,10.96905622,99.18201694,,-114.7752519
2.450618,150.5790598,412.3657512,171.3034639,416.6339753,163.8302339,509.6800523,170.3506695,507.2623951,,21.15936347,6.954217911,98.21235571,,-7.586180694
2.49318,154.1973378,412.5033819,173.0355894,416.7051085,164.8564605,510.9957138,171.1399752,508.8762692,,19.30114581,6.631334888,99.0674333,,23.84634366
2.524937,151.9420294,412.3406341,172.2326613,415.7393756,165.1359968,509.3043987,172.0735234,506.7622583,,20.57331249,7.388623224,97.85730643,,136.1658031
2.565818,153.2187044,411.2924444,169.8529836,415.7150185,161.2589677,504.2529107,174.0232475,506.4689476,,17.21215867,12.95521742,93.3075245,,0
2.605177,153.2187044,411.2924444,169.8529836,415.7150185,161.2589677,504.2529107,174.0232475,506.4689476,,17.21215867,12.95521742,93.3075245,,68.04233844
2.636335,153.0423912,414.7688929,175.5675272,420.1326909,162.135195,507.188032,176.8335246,510.5381353,,23.15495802,15.0752806,92.86536681,,-41.89794937
2.693488,150.936379,408.8827669,171.0331043,416.250114,159.5465064,502.5763011,172.2254035,502.3632433,,21.40458295,12.6806871,94.08832364,,36.52647238
2.742605,152.056063,412.0173425,171.0641301,416.4928487,158.8050979,504.427856,173.2711614,503.9262372,,19.52784603,14.47475784,92.65663752,,-47.33566451
2.784418,150.2228424,412.3607733,169.1277625,416.2773589,159.4232961,503.1111685,171.7047285,505.4142601,,19.30636286,12.4955117,91.21558297,,0.628330134
2.834835,146.1613874,413.8321908,168.2605598,418.8254651,156.3489482,507.7909168,168.8145595,509.0314932,,22.65626203,12.52719022,94.50941004,,15.67168029
2.865709,146.9160764,413.8845908,168.7961872,418.69874,159.4243221,503.9445145,171.6641841,508.3573231,,22.40346583,13.01103768,90.92439754,,-196.9155934
2.907147,146.4886878,411.588187,168.751178,415.0880046,164.9459471,509.0978006,169.478318,507.3679931,,22.53590897,4.85124932,99.24109615,,137.8114371
2.938116,147.9866663,414.1780536,167.0031311,417.473553,173.07279,507.5321468,164.0568382,506.1642373,,19.29990284,9.119131716,96.66592119,,33.84643196
2.993451,149.1565464,412.6017981,168.8044709,415.4443169,159.8898232,504.3697942,170.7856198,505.8210725,,19.85247718,10.99202403,92.39355139,,-188.1972542
3.025231,152.81364,414.1710998,168.3507873,417.1996215,165.4056344,511.3652496,170.2775793,510.1924626,,15.82955748,5.011115291,98.00643386,,-66.08380589
3.077921,152.4632934,413.490698,164.7324143,415.7616048,165.4134431,508.8831089,165.9440737,507.448968,,12.47751359,1.529159558,96.26743185,,229.8898174
3.105485,150.3499476,412.1309202,166.9692744,416.8802058,161.874012,502.994057,168.2686915,507.5744011,,17.28460983,7.865842484,91.59101315,,100.7391918
3.13447,155.0570738,412.0210284,165.1711454,414.7344662,161.6495167,506.1401462,171.1414192,511.2623115,,10.47173286,10.78576796,94.34971457,,-7.45345522
3.171842,152.1335421,411.6503146,167.9746398,411.3779791,161.7331514,506.1444021,171.3692584,510.3333232,,15.84343848,10.50721743,94.98044573,,43.52490664
3.219625,150.2576491,411.9885016,169.399775,410.8290142,159.480237,504.4767981,171.7775907,507.161357,,19.1772103,12.58696804,92.94698014,,-103.165999
3.277281,154.635613,412.2586713,163.6228189,411.4208034,164.088073,507.6469404,170.4598013,505.7827699,,9.026178178,6.638829203,95.85546871,,125.6625822
3.322083,154.9802978,413.8952304,167.4844396,416.0331803,160.703011,502.1315661,172.2843393,506.1806907,,12.68559782,12.26876421,88.42171896,,6.662603113
3.359319,153.2852208,413.0165142,169.7870182,413.6999559,159.452327,501.5561162,171.8057287,503.5723188,,16.51594411,12.5168529,88.75412284,,15.09808319
3.387163,156.9764561,414.6433457,169.4077167,417.3084494,160.1760662,506.9350377,172.9780216,508.801108,,12.71373343,12.93724393,92.34713811,,-15.32159841
3.42759,158.7049527,412.4380244,169.4130365,413.6512418,161.6220247,504.4615987,173.9339129,504.0788014,,10.77659293,12.31783767,92.06979709,,266.0968852
3.451154,157.1214205,414.7515655,173.2388056,415.0072957,156.9573048,508.8403985,175.5357794,508.2408955,,16.11941377,18.58814467,94.08897613,,-86.43059102
3.491623,156.6039564,413.0378693,177.0431435,414.2373693,159.7187538,501.2382964,174.6803183,499.270732,,20.47435395,15.09038508,88.25540949,,142.8137719
3.518417,156.4787892,417.2308563,179.3612825,414.4249301,156.8633534,502.5445343,175.7755122,502.1193686,,23.05388734,18.91693729,85.31454474,,257.7077162
3.554641,148.178122,412.2183548,182.8009864,412.4049656,149.26963,502.3616093,177.4754339,500.7441634,,34.6233673,28.2521416,90.14986257,,162.9767825
3.580475,145.1434255,413.7198672,179.165742,414.6445237,144.3463871,501.250456,176.745292,499.219738,,34.03487931,32.4624838,87.53421757,,8.736342793
3.621942,145.8995015,413.7816908,181.6530125,415.6941573,145.6391165,501.4136977,178.4538584,502.2243586,,35.80462368,32.82475372,87.63239375,,243.1325125
3.645527,138.7029768,410.9355241,171.9569819,414.3560767,134.5483113,497.475035,173.1067417,497.2592792,,33.42946358,38.55903403,86.63918393,,-4.251908675
3.683952,140.7930675,404.9754529,178.5471068,404.5375198,142.865641,499.0748875,181.2221091,500.8091409,,37.75657915,38.39565444,94.12225642,,-117.4937031
3.718237,125.4293265,400.5050386,179.298091,408.4060372,146.0834334,493.6953201,180.1796191,498.0042786,,54.445106,34.36738283,95.45166682,,428.6137295
3.746981,142.0242963,403.2410475,173.3978295,411.2476441,181.3410065,497.290894,136.7613844,483.4209326,,32.37907001,46.68745587,101.9371244,,-872.2809699
3.78552,162.3484238,412.55221,174.895827,411.2860606,164.6684247,488.4199447,169.9170872,500.390435,,12.61112451,13.07061957,75.9031987,,-402.1492755
3.812039,161.3709114,412.1418258,204.1098462,418.1215801,173.879765,502.2083232,174.0384279,499.8075374,,43.15523154,2.406022937,90.93099236,,535.8418522
3.850532,164.1160969,414.453505,201.2740151,421.7748738,175.1229063,503.7150413,197.9511947,500.6571468,,37.87232929,23.03218335,89.93759901,,-637.9024196
3.88132,166.4173836,409.1385731,180.5266978,407.5303988,173.6642183,504.4336697,173.1463742,501.0809825,,14.200668,3.392443658,95.57024667,,32.66042499
3.91755,167.8439248,411.1473659,182.5747431,410.1603538,171.7431261,506.5263254,168.1557788,503.6858585,,14.76384776,4.575730855,95.45862814,,1139.577117
3.950355,163.1371785,409.1467808,182.9229998,407.1793683,212.1230165,495.5607445,171.1824006,504.7515275,,19.883396,41.95955818,99.33270079,,158.5616878
3.989888,159.7781075,398.6833126,182.7048881,406.6523286,138.7068907,465.6271659,171.2163903,501.251178,,24.27225751,48.22797738,70.18173318,,-1276.045467
4.018724,162.1765374,409.6124909,181.5698717,408.4442637,181.3983843,507.3006597,170.0801009,505.6927134,,19.42848862,11.4319303,99.56132644,,37.11356949
4.064222,158.3964046,409.5258542,184.5127067,408.4082791,180.3767555,502.1174687,167.5207852,499.4959874,,26.14020293,13.12052349,95.16481966,,314.7834096
4.099136,145.9043843,401.7505168,177.3246367,408.5521036,170.9274304,488.8725833,147.2029274,484.5735044,,32.14799906,24.11087145,90.64440031,,0
4.138251,145.9043843,401.7505168,177.3246367,408.5521036,170.9274304,488.8725833,147.2029274,484.5735044,,32.14799906,24.11087145,90.64440031,,918.6668633
4.166069,145.8882349,404.141195,178.2415795,412.1940737,168.2248982,485.363798,120.4928601,471.6379651,,33.34048233,49.66634625,84.23798291,,-875.9075686
4.203516,140.9686208,404.2149121,172.2535415,409.0693397,153.0187181,491.5524684,136.2217671,490.025269,,31.65930717,16.86623553,88.16492265,,510.8503892
4.238323,137.4174862,411.6530885,172.187994,415.7044929,143.9122348,505.441961,178.3011992,509.6659168,,35.00574368,34.64740503,94.01347969,,16.62371532
4.280838,131.0550675,411.7689081,171.1277777,415.9970437,140.8410217,507.2467777,176.1755799,508.4239725,,40.29515149,35.35416228,95.97806251,,253.3700634
4.329827,124.3267419,411.0121671,155.5418022,414.7230286,126.2037558,483.3033652,168.4449667,505.6040248,,31.43486094,47.76650832,72.31556198,,135.6032694
4.379617,100.2452616,400.9147009,135.8273612,402.6347428,105.3311003,459.6013953,150.3550774,490.3434688,,35.62364883,54.5181951,58.90665374,,196.959318
4.414363,102.4453961,401.7806876,130.6090026,400.8367659,107.3514257,449.7048653,158.1676914,484.0992066,,28.17942014,61.36174356,48.17463995,,-615.7978846
4.446912,68.26929946,360.8730545,137.7801062,381.8974951,114.7322813,461.5951787,154.816942,471.615584,,72.62079149,41.31813822,110.9222926,,-450.3634764
4.488086,69.5729344,354.2108843,64.57886217,343.5718248,118.9455975,448.4393619,140.9620471,454.2678061,,11.75288664,22.77487244,106.3798188,,506.7460577
4.514948,70.20477414,349.1000426,62.1302742,328.8966364,119.0130829,443.5507737,154.6722436,450.7926116,,21.75718666,36.38708504,106.3164691,,-474.7558989
4.550177,65.05304596,345.8401857,63.97367841,326.2980302,147.3770747,448.2345878,138.7253959,430.5784518,,19.57194104,19.66190948,131.3843952,,819.021853
4.578021,67.49449021,337.5199492,64.96914518,327.1211545,128.2698124,434.6755685,159.1734557,463.802704,,10.70104195,42.46675396,114.5986656,,-176.8874646
4.612251,65.05274197,342.7830131,61.92382813,327.3461819,128.7197342,433.8206773,152.1810212,461.666578,,15.75074155,36.41189604,111.0915938,,219.3586851
4.652719,80.55111184,348.0655703,75.13514181,334.7224207,117.9849184,435.6189962,152.9755327,464.3721121,,14.4004296,45.28890331,95.22023031,,-1013.978979
4.680553,79.22262585,357.0511232,84.322999,343.8147875,111.1817546,437.9015306,104.192246,422.3326924,,14.18500578,17.06581241,86.937761,,756.5538222
4.713759,83.32527131,370.1792391,78.9140587,355.4066984,110.702479,445.6423273,150.7669815,458.8581438,,15.41709296,42.18793864,80.27570729,,-40.39902358
4.741621,93.83272282,368.6917862,79.20003572,355.1135396,111.3946984,445.7503952,150.1756483,459.2468309,,19.96207185,41.06234104,79.03450011,,738.4103051
4.77587,111.4815821,391.2539898,123.5098682,389.6140488,111.6681929,451.4996124,172.4973781,478.0027967,,12.13956642,66.35215558,60.24591161,,22.10723829
4.822838,97.00561998,392.3545416,128.2664306,395.7365257,111.8688822,458.6155992,173.203581,486.535711,,31.44322021,67.39048835,67.90761605,,-323.8424446
4.87847,127.0543531,414.141461,132.4709691,412.7431147,126.3668835,478.0299656,170.5790218,500.0101076,,5.594202469,49.37448547,63.89220324,,-65.00621794
4.925412,125.5054566,410.6827198,158.3169306,416.9455633,132.2361381,480.6377295,172.1031622,504.2266537,,33.40383264,46.32296359,70.27805814,,-476.191653
4.959234,132.3015526,411.8536448,169.6153978,418.3035171,151.5587001,511.6503526,181.7472109,510.3337032,,37.86718759,30.2172095,101.6376929,,61.01960177
4.995356,131.2551488,413.3311041,163.020428,420.3852672,142.5181443,503.4575252,174.5456514,508.4957138,,32.53911768,32.42135956,90.82745647,,177.5405465
5.021256,132.0911357,410.5229739,178.4788614,417.9923471,141.8697752,500.0280429,177.7771234,509.0345711,,46.98523844,37.01965971,90.03765416,,-234.1358881
5.074631,142.6057879,410.7015291,187.8889151,413.620235,157.3024076,496.6954949,179.1377751,507.8569203,,45.37709172,24.52265668,87.24077478,,36.36808503
5.101467,169.0192577,417.4116154,185.7369057,418.1056967,153.803369,496.927894,176.9863927,507.5452183,,16.73205019,25.49863061,80.95901328,,0
5.136697,169.0192577,417.4116154,185.7369057,418.1056967,153.803369,496.927894,176.9863927,507.5452183,,16.73205019,25.49863061,80.95901328,,-364.7207135
5.16353,170.5577046,415.6194142,184.0947608,421.8661843,164.4948664,496.0758147,173.0301366,509.2674261,,14.90885734,15.71207971,80.68451145,,-312.8052322
5.200954,171.040856,417.6276371,206.8066026,418.9770413,171.0481138,511.6438169,173.8138945,508.7462761,,35.79119335,4.005656696,94.01618008,,-41.99367327
5.236486,168.6739269,414.6594191,185.9134089,420.1787831,171.6585603,516.0569294,173.1434863,514.0289093,,18.1014673,2.513537498,101.4414271,,598.5608791
5.261154,170.5482999,416.5493145,184.608843,416.6680979,166.1270177,503.2275961,177.7910308,515.9754985,,14.06104483,17.27883726,86.79096864,,-433.6554353
5.295273,169.4370326,419.3576727,187.2011035,417.9392631,173.5522556,518.6311786,175.3036083,516.8711241,,17.82060888,2.482947467,99.35876425,,-16.22243432
5.339267,170.2017343,419.6746945,187.6932226,417.70884,174.8375182,516.3141795,174.739026,514.5476654,,17.60161205,1.769257692,96.75061009,,0
5.374578,170.2017343,419.6746945,187.6932226,417.70884,174.8375182,516.3141795,174.739026,514.5476654,,17.60161205,1.769257692,96.75061009,,25.22067535
5.401443,170.3789025,419.9249909,188.3832381,420.0609877,176.1318245,518.3195905,176.1563716,515.8729025,,18.00484922,2.446811135,98.56263664,,202.6721334
5.435532,170.6905095,417.9478508,186.8101745,421.2912664,178.1920864,513.0777298,169.0239885,511.2135594,,16.46274666,9.355701491,95.4251934,,-137.4416271
5.46145,151.8128154,404.1106821,184.7038394,417.264941,177.0163736,512.5323748,171.7254757,510.1720954,,35.42391829,5.793489401,111.3125455,,584.8406337
5.501938,147.5127865,403.9111898,176.4389287,413.6511658,177.681633,506.9490592,154.2577745,489.061854,,30.52194022,29.47251698,107.3636895,,-549.8325914
5.528433,136.5307712,408.5024395,180.57336,418.5866823,162.5082837,494.5431435,147.8080542,492.082776,,45.18231491,14.90470247,89.87677064,,1097.991162
5.568001,140.7422635,411.6690479,167.1768414,416.0448079,166.4713795,494.5003192,109.8495068,480.4046465,,26.79429388,58.35001677,86.73526915,,-779.9255374
5.594801,130.6457662,409.1619802,168.5965429,415.1366048,139.0150018,502.3082594,175.7307879,509.6774304,,38.41819349,37.44801237,93.52151321,,-216.1346857
5.632803,138.5262076,410.3886871,166.666616,413.9000942,149.5963985,506.274965,178.803198,505.0034959,,28.3586418,29.23446204,96.52319626,,-34.45844082
5.659434,129.243848,409.2841835,163.1882676,415.4552605,151.0725278,506.4681876,178.985667,501.7039686,,34.50080888,28.3167993,99.60533075,,1175.253616
5.698375,125.6165643,409.6013193,153.2405916,412.8215437,109.5698755,464.2986989,174.9957252,499.0499985,,27.81109004,74.08235035,57.00262763,,165.6263997
5.734531,100.8781463,407.6087898,134.7761126,405.8928897,104.7356632,464.6662968,177.7794413,497.4676632,,33.94136757,80.07073846,57.18775692,,-711.8796422
5.760494,94.5287041,397.2177088,129.7541114,403.1688883,114.9010328,476.118601,172.6446034,497.5379225,,35.72458337,61.58820731,81.48854255,,-1415.411372
5.795594,74.01272191,383.1756521,117.448873,393.8038439,145.5676222,486.0241367,157.4512099,485.2735515,,44.71753216,11.90726815,125.2913187,,507.496258
5.837737,60.7316619,355.235363,60.04734618,353.5258466,147.65682,476.7236898,177.6220323,491.2365105,,1.841394669,33.29468295,149.3833882,,-268.5698085
5.87489,59.98787847,348.3823261,53.19877417,342.0249042,164.9685372,476.7758618,180.2058381,494.4247781,,9.301008032,23.31650886,165.848843,,0
5.902648,59.98787847,348.3823261,53.19877417,342.0249042,164.9685372,476.7758618,180.2058381,494.4247781,,9.301008032,23.31650886,165.848843,,-516.1547653
5.942168,53.46586591,343.800842,45.32849739,332.291502,167.4429262,480.6324477,165.313165,478.6376383,,14.09544869,2.918072534,178.0832912,,514.4633473
5.96569,156.5726456,412.2335542,188.0024167,411.5336971,167.3520527,483.6654912,172.0171715,497.941885,,31.43756211,15.01927939,72.24068965,,52.02586313
6.005089,152.631285,416.7307575,186.016423,416.7382813,164.2001117,486.2477581,175.8502554,498.722793,,33.38513885,17.06904637,70.47305246,,-515.0511895
6.026767,149.8756118,415.7971334,182.1690327,416.5025383,161.1044466,481.1108873,166.9930045,480.6873936,,32.30112428,5.903766684,66.27196375,,-101.3330356
6.0652,61.74050416,340.259948,58.15657679,331.6652861,160.9101411,475.052894,159.3019858,473.8483782,,9.311968029,2.009234128,167.3432257,,311.5338515
6.093025,60.88889987,346.4274912,56.31229861,340.3420629,113.6297726,433.776751,106.9546639,425.442759,,7.614309994,10.67766355,102.036723,,887.9113204
6.129243,71.80589965,359.4511111,69.57164245,356.5819553,109.0551663,450.0628116,150.5311056,460.7713324,,3.636476349,42.83603575,97.96932241,,-244.4647021
6.171748,84.12289868,369.4416114,78.86870744,368.69817,149.6472975,474.6810022,179.1513026,488.1789959,,5.306527179,32.44506358,123.9708684,,-228.3687333
6.197566,98.62903165,397.3747188,124.9455481,395.677514,149.9913743,487.5288409,175.7366777,494.0119619,,26.37118773,26.54903963,103.7586429,,-532.118147
6.232447,112.2001345,403.3501794,133.1580777,401.5912649,168.9278712,499.7754286,176.3882577,502.631019,,21.03162294,7.98822654,111.8743259,,1821.565754
6.259626,126.8666783,406.9621687,159.114976,416.0393361,124.0510434,489.3682363,174.7536175,516.4810311,,33.50145777,57.49656218,82.45415561,,-1091.89501
6.292909,135.1592519,411.6775596,161.3585238,425.285597,154.7198558,514.8266887,175.7769752,516.8595726,,29.52254274,21.15502055,104.9874281,,-139.2200405
6.336826,140.6363806,418.5891522,167.292642,413.1479131,154.5933396,508.204227,169.0851091,512.2312743,,27.20594337,15.04089403,90.69541519,,0
6.373041,140.6363806,418.5891522,167.292642,413.1479131,154.5933396,508.204227,169.0851091,512.2312743,,27.20594337,15.04089403,90.69541519,,340.2695281
6.399853,137.7067311,407.8714357,163.7360925,416.120197,152.1915088,496.2289108,175.1075739,503.8945844,,27.30512256,24.16420062,89.53687615,,-21.24670955
6.434123,133.9271302,404.9808487,164.6189886,410.7894197,146.7691171,500.4667361,169.8474739,504.5458414,,31.23667186,23.43607588,96.34558277,,132.9251826
6.460911,119.2690031,401.7888193,173.5186459,413.6793227,147.8668379,502.2000395,174.7688169,504.4616367,,55.53744516,26.99687567,104.404259,,-550.7667051
6.494253,137.9574454,400.0435083,180.8102809,417.4413683,165.8425986,495.9743586,168.9011012,504.0476426,,46.24987614,8.633212189,99.90150053,,-148.9892703
6.531732,170.9468096,410.9538014,181.7426891,417.1963537,171.7783697,504.7615592,173.2784001,502.1067911,,12.47078479,3.049243327,93.81144342,,51.70056966
6.558434,168.4166198,419.2227398,182.1290582,418.5397541,174.5620098,509.6525793,176.3043189,505.5798577,,13.72943685,4.429751938,90.63841178,,4.278583697
6.599233,170.3361351,419.035217,182.813336,419.1231077,175.5694081,503.0080785,173.9618989,498.6934962,,12.47751045,4.604313874,84.13577488,,0
6.634529,170.3361351,419.035217,182.813336,419.1231077,175.5694081,503.0080785,173.9618989,498.6934962,,12.47751045,4.604313874,84.13577488,,5.704461418
6.674011,174.5421366,414.8374042,183.5370562,420.0156554,171.2351426,506.6110241,169.5780262,502.0746823,,10.37896257,4.82953742,91.8331831,,135.4818255
6.704747,177.238627,414.8404061,185.8126748,420.2990105,176.0696969,507.7743115,167.5699363,504.8347823,,10.16418505,8.993706809,92.94125656,,-16.9012269
6.746618,167.0144166,417.0593309,190.0963263,416.2531919,175.4219358,504.0281873,167.5337237,501.4915567,,23.09598267,8.286035538,87.37430036,,-16.35488084
6.768998,165.9176458,413.8407405,180.8308381,411.4914047,175.4789716,501.4907208,167.9122462,499.1516446,,15.09710844,7.920013305,88.16993817,,-115.1536873
6.811553,163.4351061,414.2520747,201.8405733,420.8925857,170.1327669,506.3353067,171.1438891,503.489976,,38.97532934,3.019648141,92.3264874,,314.9789008
6.84326,160.8962526,416.9686284,172.2295074,414.8059795,159.0581872,495.0587077,170.1524501,501.847755,,11.53775171,13.00668415,78.11170827,,208.2109543
6.886588,142.3812546,413.0421252,169.399851,416.6075663,152.9881673,492.0275641,174.1524045,498.1357536,,27.25283328,22.02804838,79.69445498,,210.4642751
6.913369,143.6360424,414.4696544,181.0239087,416.6110241,147.1393368,499.1790415,174.0899349,505.4231897,,37.44913898,27.66449213,84.78179837,,283.5408752
6.953624,143.9646348,416.8460451,182.7316011,415.9725347,143.2701734,509.7110591,182.2309703,512.7409107,,38.77680617,39.07843006,92.86761062,,-866.9530278
6.98446,150.4971919,408.4072912,160.3239376,419.9872325,162.2684749,507.2991017,174.4915985,509.0299732,,15.18749392,12.34506649,99.58992563,,146.9585446
7.026774,145.0485811,405.9667209,144.5333969,414.4067288,153.4703497,507.2861442,171.8371725,509.9810007,,8.455716889,18.56347035,101.6688336,,78.54906232
7.056224,144.6028013,407.1014333,146.7693261,414.7379241,151.8770519,508.516005,172.7414997,509.2323155,,7.937872602,20.87674023,101.6751202,,898.904941
7.11121,123.7179672,411.2614756,148.9228744,419.9608235,118.620463,472.6192774,177.7420887,510.6623526,,26.66394571,70.30392732,61.56918378,,-1314.241828
7.138029,112.6272951,410.0085877,127.4072836,407.5681314,150.7426435,494.4456773,184.8320464,502.6264591,,14.98011639,35.05727572,92.64125368,,0
7.173277,112.6272951,410.0085877,127.4072836,407.5681314,150.7426435,494.4456773,184.8320464,502.6264591,,14.98011639,35.05727572,92.64125368,,-205.4716127
7.199094,107.4886384,396.5977246,126.1492659,395.2154897,150.7918896,489.7459038,179.5141507,497.5079797,,18.71175011,29.75261509,102.7217351,,1586.318522
7.234244,86.50730712,384.764675,129.8062644,388.5609193,106.7789777,449.1216637,180.6156524,492.2539974,,43.46505691,85.51171113,67.47416263,,-606.6939882
7.268142,82.81848477,370.7048729,89.05972611,355.781554,106.4444575,446.5243875,164.5433905,475.5501809,,16.1758629,64.94599832,79.41527172,,-87.48014445
7.310608,118.8046419,380.6968172,82.32944355,348.1902055,116.0176579,445.4747158,168.5727368,476.8945692,,48.85816103,61.23106651,64.83782404,,-110.9135743
7.357873,129.662668,393.8135716,171.5771674,409.5167346,118.5557325,428.2826939,168.0048296,454.5415096,,44.75951953,55.98873642,36.21442266,,-1225.372913
7.401441,84.44178244,354.4765321,171.1735849,399.9951742,154.2358493,453.8679095,151.6357802,453.9597139,,97.95076486,2.601689331,121.4489921,,939.6771166
7.439806,82.21062211,356.7543546,113.698911,354.8621793,102.3655042,430.2203915,140.8309141,426.4229694,,31.54508939,38.65240191,76.18056084,,0
7.474061,82.21062211,356.7543546,113.698911,354.8621793,102.3655042,430.2203915,140.8309141,426.4229694,,31.54508939,38.65240191,76.18056084,,1528.743189
7.502006,87.84825663,385.2165917,129.6061261,381.8200541,97.52842291,455.3927909,175.7858478,477.6944005,,41.895777,81.37313034,70.84069843,,494.9332224
7.539194,93.31088886,390.4488768,226.5013983,402.7833931,90.07436314,462.3987339,186.4664017,488.1740181,,133.760428,99.77870701,72.02261475,,-2393.163115
7.566969,105.9696468,393.7733691,212.7437226,413.3221364,153.6403172,485.5921313,184.6970376,497.631361,,108.5488718,33.3086015,103.4561642,,1377.907544
7.604449,113.2770892,412.499734,130.3019174,410.6986032,100.9321232,460.2548942,175.4593264,501.0303304,,17.11983783,84.95257627,49.32497857,,-3290.087604
7.627089,133.4965307,411.0720908,139.1540575,421.2590437,170.7072288,511.2469221,180.833726,508.6068215,,11.65253701,10.46499292,106.8626824,,82.50273008
7.664578,136.5693777,410.859185,166.5553943,418.776599,162.0381657,511.1681131,175.4493517,509.1786995,,31.01365241,13.55793776,103.4917399,,108.9633607
7.686121,148.56774,419.1796115,183.2079888,418.2262661,159.7189058,509.7986837,175.3555523,512.7098659,,34.65336498,15.90533544,91.30259988,,44.97865329
7.742704,154.2867484,411.5390929,163.3121238,420.7755882,161.3837929,506.4541282,179.4169504,510.3555523,,12.9139555,18.45036258,95.17999772,,0
7.765383,154.2867484,411.5390929,163.3121238,420.7755882,161.3837929,506.4541282,179.4169504,510.3555523,,12.9139555,18.45036258,95.17999772,,-20.29685854
7.802755,131.7884583,408.3053411,172.4554657,419.7684369,161.2477961,495.8928137,174.6525983,507.4388983,,42.25172252,17.69182839,92.4089711,,-229.9484601
7.838017,168.6957191,417.005601,173.2597048,415.1714874,183.8894546,505.4844434,174.4747652,503.6942181,,4.918733391,9.583385786,89.7739113,,20.69437961
7.864878,174.3638474,415.6191102,177.3720209,414.5740364,184.1091242,506.7106943,174.4190213,503.7263269,,3.184538751,10.13925752,91.61139183,,-11.71802279
7.898139,177.9258116,415.4286615,174.9699622,414.79192,187.526295,509.192835,178.0449181,506.9220802,,3.023654314,9.749504361,94.25438724,,-66.09604728
7.926869,173.8367887,414.1100362,174.3905414,413.1915354,185.0403924,510.3032284,177.578353,507.864102,,1.072513763,7.850564922,96.8434353,,25.00774799
7.975391,162.9638482,414.6334661,180.5942212,413.3630989,184.3667543,511.7172681,175.8528962,508.6075815,,17.67608228,9.06399087,99.41503408,,0
8.002159,162.9638482,414.6334661,180.5942212,413.3630989,184.3667543,511.7172681,175.8528962,508.6075815,,17.67608228,9.06399087,99.41503408,,106.6981209
8.036371,164.245311,415.8529152,175.9952958,415.2500684,187.0877538,510.3280414,174.7818124,507.1314142,,11.76543952,12.71434698,97.19735934,,-163.6838724
8.062258,161.1041236,417.5237111,180.9956378,416.9474632,181.5670218,512.5458262,173.8903286,508.9501383,,19.89985927,8.477062579,97.20047613,,155.2079487
8.095501,174.1740827,416.0367142,183.8143695,417.1141248,185.2431147,513.6230849,171.9028719,510.7953855,,9.700306345,13.63664042,98.21213375,,-114.3273298
8.121272,164.0933168,411.3063518,181.2784609,411.0643011,180.3784275,509.4430934,170.3538044,505.729648,,17.18684864,10.6903108,99.47876599,,178.9899842
8.171699,168.9662687,413.0160202,174.166388,411.5728356,187.3597474,507.2751626,167.967971,503.7129894,,5.396667724,19.71623873,96.03700321,,0
8.202461,168.9662687,413.0160202,174.166388,411.5728356,187.3597474,507.2751626,167.967971,503.7129894,,5.396667724,19.71623873,96.03700321,,495.8463258
8.231813,143.2662976,401.093864,178.5639021,410.8935357,185.7321559,507.5991002,156.0041304,490.5491929,,36.63269645,34.27032009,114.6591229,,-560.6561012
8.259631,141.1076385,405.233083,177.5924315,414.4423334,161.0847063,492.7663318,175.311702,504.8622173,,37.62911656,18.67398867,89.7839233,,230.8431152
8.294875,148.4711477,411.3924185,170.1366048,414.8061314,151.6945639,494.9100575,175.6034548,507.0398377,,21.93274874,26.80982342,83.57982075,,-295.7050458
8.330295,146.7285916,412.3850924,175.6366086,414.0514424,157.0125737,502.7478265,171.8360515,509.6127949,,28.95600403,16.3359507,90.94604995,,435.6090286
8.356123,146.2354466,417.2866002,171.2890245,415.4753997,154.4186603,508.5095452,181.9217762,510.6574508,,25.11896122,27.58686069,91.58924981,,1081.562306
8.397942,129.4418204,411.5677818,164.5630358,414.4619027,106.953657,480.2674337,173.2173175,510.4568565,,35.24025691,72.81671478,72.28664928,,0
8.43114,129.4418204,411.5677818,164.5630358,414.4619027,106.953657,480.2674337,173.2173175,510.4568565,,35.24025691,72.81671478,72.28664928,,-415.6359
8.468676,100.7054239,415.0102216,125.8901728,414.1783576,105.6724032,467.9815555,157.73561,491.7097063,,25.19848358,57.21540564,53.20369441,,-1190.134712
8.490244,94.69177484,388.9135457,111.5645329,391.0643771,147.9238167,488.8371687,178.4357331,496.8502629,,17.00929276,31.54658018,113.2182879,,241.0805615
8.528799,82.68163303,383.8193093,87.27558062,382.8520185,186.8320996,495.7259621,148.0915423,482.7956666,,4.694678472,40.84144123,152.8738651,,994.8201719
8.569139,72.26951985,366.7802316,210.1094358,419.6636749,116.5529814,445.3841652,181.1947501,494.1487567,,147.636381,80.97248696,90.2197503,,0
8.607888,72.26951985,366.7802316,210.1094358,419.6636749,116.5529814,445.3841652,181.1947501,494.1487567,,147.636381,80.97248696,90.2197503,,-2064.062666
8.631544,107.96894,386.1286707,219.7628891,419.1462868,154.9943952,471.1597915,181.7485409,488.9788272,,116.5677916,32.14502054,97.16833302,,-32.13935381
8.669975,165.0279859,422.2701088,210.4863433,422.8618601,157.4377014,475.8930037,181.6278955,495.1350088,,45.46220878,30.90987303,54.15743048,,695.7313371
8.694016,124.8547886,397.0402177,218.1830238,415.2754514,163.5703429,474.166388,206.8735181,494.0162938,,95.09302411,47.63595011,86.29797385,,-585.6197101
8.728405,160.4794656,418.7077456,202.4723751,416.3559019,169.1968438,476.1011597,193.3451255,489.2521887,,42.0587163,27.4970739,58.05167237,,-283.976272
8.754126,81.46332381,363.6953961,82.26670796,335.4146401,151.6535255,450.5783758,169.5148156,459.9979481,,28.29216475,20.1929202,111.6929567,,148.1445323
8.789065,73.86232369,354.766271,79.42371413,343.2836819,146.2364725,452.3163911,170.2406448,460.5251018,,12.75848408,25.36894202,121.4662231,,102.4045427
8.840647,79.17303776,371.3123556,214.8146811,404.8302605,149.0240645,472.4135533,177.6397966,483.3969176,,139.7215279,30.65117314,122.8845723,,0
8.866412,79.17303776,371.3123556,214.8146811,404.8302605,149.0240645,472.4135533,177.6397966,483.3969176,,139.7215279,30.65117314,122.8845723,,-155.0118641
8.903896,88.41975468,383.5078353,110.6142464,387.578201,150.8633648,479.5967215,174.843085,486.0800705,,22.56464801,24.84070843,114.5961539,,-690.1165107
8.927488,210.209524,420.1711454,101.4441155,400.1719814,179.9889424,494.7287284,171.4860279,493.7463141,,110.5887908,8.559479707,80.44946697,,754.9405719
8.964856,113.7158013,406.2829827,122.4937302,411.9944294,150.4669071,489.5076909,184.8235728,502.6095878,,10.47247149,36.770099,90.97799642,,-1148.19541
8.987463,129.1356282,413.776675,132.4171062,421.4386248,168.8316779,510.7331058,179.5994194,509.7465117,,8.33508084,10.81284537,104.7679619,,174.6069878
9.043169,147.7833741,413.6152952,174.167604,416.3141415,154.6018703,513.6686451,174.7174429,517.8201377,,26.52190338,20.53950223,100.2854163,,-233.6955963
9.066774,154.3909974,409.5271842,172.6852239,421.0636932,160.5596805,512.0875258,175.0886506,515.9089251,,21.62798565,15.02311768,102.7456876,,0
9.105156,154.3909974,409.5271842,172.6852239,421.0636932,160.5596805,512.0875258,175.0886506,515.9089251,,21.62798565,15.02311768,102.7456876,,102.461517
9.139408,148.2895907,411.2174353,179.8617993,414.6833582,159.2475719,509.4425994,176.6095232,515.9249605,,31.76187931,18.53262956,98.83450923,,577.908428
9.166242,147.6102718,415.0387205,174.2750068,418.6749149,149.9544587,502.1212305,181.4947486,514.9254089,,26.91152174,34.04022432,87.11405604,,195.916631
9.192096,129.1130951,406.719776,181.8294397,413.9564461,145.0108296,498.1598447,182.3472839,509.7885001,,53.21073559,39.10545289,92.81176717,,-712.9283239
9.227345,140.2965026,403.4248085,171.6428099,410.3994787,163.332738,491.8964692,149.6674558,488.9684916,,32.11287913,13.97544241,91.42156687,,56.58637972
9.264726,168.2610158,413.8688974,174.4355507,412.5963643,160.5444431,495.9820343,171.6353812,507.6397206,,6.304301843,16.09069787,82.47492192,,-277.4809261
9.303509,168.5190829,414.7228386,182.7458886,413.5745607,180.651637,510.9161068,185.1701195,508.0906493,,14.27307054,5.32915511,96.95536971,,0
9.338746,168.5190829,414.7228386,182.7458886,413.5745607,180.651637,510.9161068,185.1701195,508.0906493,,14.27307054,5.32915511,96.95536971,,586.1433632
9.367589,167.7382319,412.916692,185.7587929,411.7523407,177.7698466,516.4525702,199.2744939,510.7994133,,18.05813758,22.23528813,104.0207257,,-448.965513
9.4061,170.6741321,415.8005153,177.4099625,415.1140336,184.6016993,512.8812394,182.1453976,508.5892282,,6.770721402,4.945177265,98.07468644,,-16.69286828
9.428662,179.6923638,412.8780095,179.3564947,419.8108053,180.5061786,518.7096076,183.3219844,515.1119817,,6.940926859,4.568552771,105.8347271,,30.89432394
9.469133,163.7644964,418.1907755,182.6886628,417.2847763,177.9032785,517.8299793,182.9041145,514.8549216,,18.94584146,5.818876955,100.6373494,,-69.88707031
9.495946,175.8738524,413.2390336,183.1394394,419.063488,176.4421206,520.9467336,179.0925188,518.0246839,,9.311982792,3.944994939,107.7091991,,31.44280645
9.529203,167.422255,416.0555235,180.4809855,414.9769349,181.8147343,514.8105013,177.1374749,513.0697501,,13.10319792,4.990688353,99.79824197,,156.6743452
9.554015,170.1375547,413.5352322,173.8427164,411.1245668,181.821992,508.7787649,173.1915354,506.6965209,,4.420354159,8.878092205,95.95757707,,437.6042201
9.606424,129.1624362,399.0986366,179.5339479,411.744817,153.1863296,496.9458293,183.1669124,507.5853447,,51.93471931,31.81249178,100.7532658,,0
9.641677,129.1624362,399.0986366,179.5339479,411.744817,153.1863296,496.9458293,183.1669124,507.5853447,,51.93471931,31.81249178,100.7532658,,-444.3210727
9.666555,151.1059475,409.5963415,177.6143376,412.2719328,161.0253336,491.8562667,176.7610234,505.3954888,,26.64307667,20.75867213,82.85583573,,399.9499252
9.692384,147.8182758,416.0184749,179.3856396,417.2934779,153.8426594,499.2527967,182.5165674,511.2666054,,31.59310194,31.08897875,83.45205524,,-143.9008308
9.726587,146.2380305,412.5146674,174.9952882,414.5415856,154.3922893,508.9163956,180.0568838,514.0200936,,28.82860156,26.16713863,96.74598253,,-316.0196047
9.764057,150.5085155,406.7629423,170.6198892,410.6941193,160.1523362,506.7314795,173.9633808,510.5375274,,20.49198635,14.32588404,100.4326227,,801.3015484
9.802919,126.2087906,416.2199812,153.3292232,416.172787,133.516271,484.375076,172.2703178,508.150839,,27.12047366,45.46606481,68.54572355,,0
9.838144,126.2087906,416.2199812,153.3292232,416.172787,133.516271,484.375076,172.2703178,508.150839,,27.12047366,45.46606481,68.54572355,,-614.8072843
9.864039,116.4146667,414.4242461,127.2554224,412.2480317,146.0362962,488.7939643,174.5992104,496.3506961,,11.05702913,29.54563019,80.0518327,,-561.9747861
9.901492,107.0599579,404.817493,112.3684111,403.3960816,144.6654228,485.5792498,153.1284199,486.3496322,,5.495460467,8.497988524,89.08777891,,2776.369475
9.924108,103.0063496,387.4178852,111.7774957,386.8192181,115.2722025,453.4155368,175.1168645,492.1537193,,8.791553117,71.28836057,67.12779725,,879.5254173
9.961658,86.72325283,384.219054,91.23367963,376.7734679,103.3900018,442.0206484,193.0454691,495.3443808,,8.705211215,104.31454,60.15650286,,-2499.71347
10.001719,108.5297035,360.3524365,80.38266431,358.1836317,184.0197896,492.7101319,180.1431025,491.1643133,,28.23047165,4.173518661,152.372283,,0
10.040677,108.5297035,360.3524365,80.38266431,358.1836317,184.0197896,492.7101319,180.1431025,491.1643133,,28.23047165,4.173518661,152.372283,,-101.57988
10.064627,108.3315601,359.558457,93.83348279,343.6261628,185.8668987,490.7791601,185.7323079,489.0436907,,21.54140766,1.740680534,152.4158839,,364.8926822
10.1028,104.061322,361.1029836,87.1822182,342.2516415,176.4419496,475.5747279,188.2614908,485.8625289,,25.3037002,15.66972889,135.4353554,,147.9703384
10.136022,77.36578915,365.41673,85.96727186,342.1819522,171.2124384,467.3031296,188.6268087,478.28068,,24.7758028,20.58559947,138.5208721,,-190.9382603
10.160794,78.45125547,363.672863,91.85109892,343.6273027,165.9286653,464.9863205,179.4672985,473.2390716,,24.11182889,15.85567689,133.8533298,,566.5657017
10.194955,113.3442896,380.1633557,86.50711713,370.7476973,148.905072,456.484755,179.8328824,473.3140047,,28.44096428,35.21012783,84.1993185,,-372.8841131
10.23818,105.0284039,392.2855742,159.7113061,403.3033652,164.8283416,488.4322562,183.852976,486.8273118,,55.78182062,19.09221204,113.2263971,,0
10.273285,105.0284039,392.2855742,159.7113061,403.3033652,164.8283416,488.4322562,183.852976,486.8273118,,55.78182062,19.09221204,113.2263971,,793.5215275
10.300022,105.0575868,397.6807591,117.1495395,395.7999073,151.6817394,487.2874362,190.8039731,496.9948474,,12.2373577,40.30859712,101.010733,,-490.9980315
10.335259,130.5623024,408.4100651,129.6269303,410.7117127,157.0134857,493.019782,177.9826385,502.4871185,,2.484452181,23.00729948,88.64800783,,177.7253237
10.362169,136.5804353,408.3195145,172.1211545,411.6894151,150.9085831,502.2444598,178.5759857,504.8507417,,35.70012537,27.78988794,95.01153177,,-372.8079765
10.400536,152.3269926,420.5245699,173.2046449,410.7396416,161.2305447,505.495577,173.6058905,510.8558791,,23.05691192,13.48636431,85.43620595,,-54.7279869
10.423176,155.4351783,404.3417133,161.7927522,408.8185114,165.4617583,501.0553715,176.6337853,506.0736108,,7.775632908,12.24732269,97.23201113,,-150.980945
10.461667,155.0970483,407.4901964,177.4339585,410.1315889,173.0635944,506.6248556,178.281801,502.8577183,,22.49254347,6.43591513,100.7495778,,541.5514267
10.495841,145.938089,410.3413789,182.7748434,415.2553882,161.1518498,507.578125,186.0745227,508.5822744,,37.16307256,24.94289359,98.41973029,,-479.648569
10.539915,175.57355,420.0955663,211.5676678,412.3805706,190.808305,506.301336,188.8194233,503.0600225,,36.81165135,3.802862556,87.54160433,,0
10.574109,175.57355,420.0955663,211.5676678,412.3805706,190.808305,506.301336,188.8194233,503.0600225,,36.81165135,3.802862556,87.54160433,,252.5140782
10.599913,175.9321422,417.6412786,206.1672392,411.2525459,191.1357384,506.1499118,182.2525915,500.8995775,,30.90270208,10.31873583,89.80494134,,15.24773071
10.638967,189.7897921,421.2702152,169.3568367,418.880525,194.2025626,506.0008056,183.8682135,502.4906144,,20.57222121,10.9142207,84.84542117,,-181.0196693
10.668935,179.1083642,417.0182165,207.394972,416.5804353,188.2369057,510.2587321,192.7380989,507.1165947,,28.28999528,5.489423254,93.68630647,,-69.17691567
10.707377,177.0124977,415.4550325,204.7231426,419.9319826,191.2012479,514.6945297,190.7525991,511.900193,,28.06996478,2.830124262,100.248683,,473.095854
10.73102,174.0463126,415.1665476,181.4935326,414.4425614,203.1027709,514.7150109,189.1704539,516.2400064,,7.482328631,14.01552954,103.7023351,,-248.5356156
10.769493,170.7913956,415.4263056,180.9439218,415.1868768,192.6749453,515.209106,188.7898225,513.0318276,,10.15534905,4.453618798,102.1542804,,-78.56391632
10.796304,168.4868031,414.5223583,187.160445,414.558305,190.9997796,516.925918,190.2115759,514.7149729,,18.6736765,2.347241638,104.8490494,,84.26429236
10.829628,168.9000942,413.6222869,187.6202654,414.1017145,191.7770778,515.1242172,187.3456119,512.4900444,,18.72630932,5.155264917,104.0480573,,903.1442188
10.855792,170.1955975,410.520162,186.3336348,411.4918227,215.756133,510.6396294,186.9844738,509.7590893,,16.16726237,28.78513026,109.9985007,,216.3234999
10.906814,180.7011871,416.8913394,173.2511742,417.8408849,217.422065,513.6608934,177.8066672,509.6059171,,7.510281544,39.82238787,103.5025094,,0
10.935613,180.7011871,416.8913394,173.2511742,417.8408849,217.422065,513.6608934,177.8066672,509.6059171,,7.510281544,39.82238787,103.5025094,,72.96611319
10.970912,141.1613494,404.1045644,176.9426564,412.3518057,188.4878101,505.7573109,148.6323945,491.2957122,,36.71946241,42.3980187,112.1297229,,0
10.998707,141.1613494,404.1045644,176.9426564,412.3518057,188.4878101,505.7573109,148.6323945,491.2957122,,36.71946241,42.3980187,112.1297229,,-383.3818873
11.032937,144.5245053,414.870919,186.0714829,414.088985,151.4649387,502.525459,179.8017996,509.8766187,,41.55433513,29.2748567,87.92888034,,-683.9319481
11.071749,159.2107893,416.067531,169.4487742,418.7203611,174.9849146,515.9603751,175.9238965,513.3968416,,10.57609769,2.730089928,101.1306251,,662.8546815
11.098204,161.6948489,416.8610545,188.6853645,417.9474708,168.4871261,509.6999255,187.8160339,515.7909396,,27.01237185,20.26591053,93.08700768,,56.56719471
11.133427,159.0591181,407.6653317,180.3728417,418.7480241,161.5184977,508.9014622,182.7195936,515.6800219,,24.02292415,22.25837683,101.2659996,,-432.8880411
11.159247,140.3246785,410.1096258,170.3258565,413.9755593,175.9990766,505.5114604,181.4768133,515.1440905,,30.24923343,11.08120761,101.8536829,,1917.982413
11.193552,117.058305,413.1210862,151.4663067,416.275079,111.4420066,466.8835497,177.1026683,506.8690722,,34.55225393,76.87759429,54.05502094,,-1245.169974
11.237524,103.9158256,388.6862384,89.72369361,380.2369209,154.3038097,477.9049504,172.1898369,490.9281904,,16.51688762,22.12498021,102.4642743,,-231.0550826
11.275913,84.04129681,371.5584722,84.85989938,369.3327076,183.5193869,488.2521431,170.2825571,487.5582138,,2.371526559,13.25500664,153.3404814,,-144.0184563
11.303857,83.47633451,369.0447927,173.359945,412.6882828,170.6875266,490.0402025,179.9164792,490.2121839,,99.91905555,9.230554896,149.1498616,,-80.62411333
11.342023,115.2456416,383.6611594,170.4545005,414.582814,172.838909,494.7265625,178.9917847,494.8109953,,63.27848627,6.153454987,125.1099845,,-71.09766715
11.364646,173.7480241,419.2798517,199.6080071,420.9690388,178.3124468,503.0349435,182.6170735,504.4934795,,25.91509355,4.545012463,83.87937385,,0
11.403032,173.7480241,419.2798517,199.6080071,420.9690388,178.3124468,503.0349435,182.6170735,504.4934795,,25.91509355,4.545012463,83.87937385,,-34.09790172
11.43732,174.2509728,421.379917,189.5082989,422.3215969,184.5144166,497.5982642,181.2685433,498.5260366,,15.28635865,3.375863609,76.90627236,,332.1345491
11.462132,168.7382015,425.1538561,184.5426876,425.3974267,175.8627949,483.6491139,178.7665294,494.8971379,,15.80636288,11.61678604,58.92754039,,-1.0509829
11.496373,173.931215,421.2971942,183.827935,421.745425,175.2373769,479.0538743,178.8769911,490.0478782,,9.906865176,11.58079934,57.77144758,,-109.4522487
11.522197,166.9182803,422.655376,181.796533,422.7358189,171.1672392,472.1462336,173.4432188,480.599503,,14.87847017,8.754304466,49.67291654,,249.2087718
11.575677,102.4031037,389.6910339,113.9254583,388.4017814,158.8308989,477.8166038,179.7080572,485.0109436,,11.59425839,22.08198958,104.6432613,,158.6357678
11.602443,92.49274228,389.4098447,154.271416,405.4122842,160.1730454,490.6962473,186.0298745,495.6550568,,63.81757279,26.32803454,121.8177277,,0
11.635645,92.49274228,389.4098447,154.271416,405.4122842,160.1730454,490.6962473,186.0298745,495.6550568,,63.81757279,26.32803454,121.8177277,,186.7227905
11.662538,125.2208665,408.4966257,119.1354382,403.8380046,155.6440183,487.7967686,184.2856274,500.5425052,,7.663888579,31.34957054,84.9357453,,1340.878796
11.700088,129.7313693,410.0730332,174.0394919,413.1219221,108.6395952,469.0843112,183.0292437,502.8630001,,44.41289736,81.69956932,62.66732694,,-2251.331028
11.724574,154.2101623,415.7009971,166.7005677,416.4948626,156.3060668,502.0268042,178.2921176,516.952061,,12.51560823,26.57347776,86.35124659,,-4.811628764
11.763078,155.9336621,420.9305463,139.271948,418.2667726,155.9291973,504.9069796,179.7102611,516.3437044,,16.87330457,26.38821081,83.97643342,,-684.5975069
11.797275,168.5312044,413.957358,173.9900368,414.5247522,179.1364832,516.3760412,182.005335,517.1712746,,5.488240825,2.977029864,102.9662984,,201.2997
11.840346,151.6274775,407.3276006,185.7771842,412.7167817,177.6095498,513.1143224,189.219852,512.187842,,34.57232623,11.64720924,108.9307055,,0
11.876501,151.6274775,407.3276006,185.7771842,412.7167817,177.6095498,513.1143224,189.219852,512.187842,,34.57232623,11.64720924,108.9307055,,1660.975122
11.903263,126.5530954,407.4392783,180.6657344,410.6068367,137.1547263,492.6475103,190.1186314,511.1363084,,54.20526843,56.09822545,85.86522799,,-1535.904734
11.938681,208.2445814,424.5380897,202.3271446,416.7282496,189.1493647,505.9516735,187.577175,505.3061542,,9.798451953,1.699551594,83.62295694,,128.4934772
11.970284,194.6463096,423.1751961,220.8478994,417.474389,191.6437029,508.3204265,186.1687591,510.1110697,,26.81459509,5.760330953,85.19815671,,-132.2695075
12.007828,197.0596349,419.8722109,211.3684415,418.7691893,195.7527891,512.0643087,195.6794899,512.8553244,,14.35125789,0.794404563,92.20135977,,233.9337857
12.029504,191.9047529,422.6393786,219.9301207,421.457358,194.3108965,513.0319416,200.0500821,511.822904,,28.05028365,5.865153303,90.42458168,,42.99985432
12.066997,194.9845726,419.4888816,218.3278742,421.5757615,191.457662,514.0476806,198.6103934,511.8684263,,23.43639898,7.477346841,94.62455055,,166.4855515
12.089529,194.8818245,422.7795173,219.4769121,422.9346273,207.9189339,510.5951711,196.691657,510.7674945,,24.5955767,11.22859929,88.77812385,,-256.6753657
12.126931,191.8603706,421.8867415,219.8822805,423.2439354,200.5349055,510.9724587,202.1168607,510.5862035,,28.05475735,1.628427258,89.50705316,,287.8677395
12.166929,182.96837,429.192189,215.8569051,425.4772997,189.0573702,512.4503359,202.0496033,514.4324538,,33.0976758,13.1425611,83.4805064,,0
12.205365,182.96837,429.192189,215.8569051,425.4772997,189.0573702,512.4503359,202.0496033,514.4324538,,33.0976758,13.1425611,83.4805064,,-29.68837091
12.241414,176.0304254,416.3628177,211.745045,418.9225894,192.0987734,501.2800948,199.5516172,510.7772602,,35.80623527,12.07232502,86.42416189,,-320.0716455
12.267287,184.7968598,416.3236792,217.1776584,420.0698413,189.7457138,500.7992613,191.6095422,497.4979481,,32.59677666,3.791111334,84.62041791,,211.3109328
12.326553,185.9458217,420.104686,216.3196893,415.4545005,200.1868388,499.166654,184.141157,496.2163333,,30.7277734,16.31466508,80.33430993,,-123.3700436
12.375721,174.0189157,421.2729511,164.2020496,420.4359573,180.7660126,516.744019,170.5439301,516.0043774,,9.852482867,10.24880678,95.70918515,,0
12.401534,174.0189157,421.2729511,164.2020496,420.4359573,180.7660126,516.744019,170.5439301,516.0043774,,9.852482867,10.24880678,95.70918515,,239.3486348
12.437809,172.4456431,417.4513619,163.2079318,416.8110865,162.0783112,507.9552605,179.1276675,516.1838065,,9.259873792,18.9311785,91.09575859,,-432.0908628
12.463662,155.6152154,412.3071954,168.6667452,417.1755305,157.8414549,501.6300234,163.6684171,506.7553806,,13.92993599,7.760333428,89.35056656,,596.9882152
12.501135,138.307545,412.6447364,164.5115288,416.1854025,150.9390199,501.0890382,179.4582928,510.8124468,,26.44210815,30.13127282,89.34175216,,-483.6085918
12.522675,122.031763,418.1530429,141.3827479,419.582244,152.0078049,492.0097428,171.4146287,495.4782496,,19.40369121,19.71434375,79.70806238,,41.84728914
12.564143,166.4034191,418.6846425,103.1015739,394.4973553,181.795849,496.5264774,162.602976,486.9493251,,67.76539285,21.44966713,79.34909047,,1778.143613
12.599359,104.2014417,388.3033652,106.536984,387.2835983,107.1003313,449.6184946,180.1938686,491.1503298,,2.548466669,84.06877262,61.38361878,,-1983.185023
12.625155,119.920982,374.5748723,87.54622522,365.6099526,144.7706788,463.3455435,169.296115,485.2910688,,33.59307461,32.91053177,92.18318446,,-721.6688486
12.666036,123.6909313,364.4398635,82.01747553,338.4683168,182.8541084,501.7155961,179.7638391,503.1524729,,49.10395253,3.407987571,149.4821337,,0
12.703447,123.6909313,364.4398635,82.01747553,338.4683168,182.8541084,501.7155961,179.7638391,503.1524729,,49.10395253,3.407987571,149.4821337,,-43.00551505
12.740672,76.56652785,336.3855028,68.31404274,341.3119376,178.5509826,505.937082,176.8600286,506.5745075,,9.611101411,1.807107274,197.8599682,,30.9311736
12.767476,111.9814339,354.3318337,75.20819401,329.3604086,178.4980507,504.8757448,175.8985135,505.313792,,44.45045831,2.636186451,164.5841107,,188.4462347
12.79343,167.5096516,420.6132964,75.49684992,330.9410719,180.6042908,504.0477946,176.1171571,498.0043546,,128.4813742,7.527120025,84.45581724,,1430.870697
12.828689,75.49947182,335.5705481,72.09066072,325.5886354,148.4355811,446.6172179,171.2441292,499.9205071,,10.54791801,57.97818992,132.8572125,,-211.5330097
12.87008,124.3022518,359.2394592,80.65954067,326.0549915,137.2426739,440.3328292,93.09156128,418.5717108,,54.82604428,49.22262711,82.11935936,,-1695.217134
12.896855,145.9705967,389.2871854,77.83307621,351.4337989,184.1984208,490.2551982,180.6552088,491.717724,,77.94613889,3.833188359,107.9625219,,666.4125466
12.930159,131.172597,381.4034001,88.14213734,361.9335938,156.0361632,462.3938701,171.2994931,483.4759925,,47.23022143,26.02739181,84.72103136,,-190.1455986
12.955932,127.9733098,391.9840178,108.4770185,389.7994817,152.603014,460.7832639,167.6939066,475.5685722,,19.61829688,21.1267693,73.07502031,,186.2127941
13.007351,122.8313663,414.1748997,153.4388109,415.6344236,155.3724807,492.4408743,184.2372553,502.9010746,,30.64222373,30.70164496,84.76135267,,0
13.030982,122.8313663,414.1748997,153.4388109,415.6344236,155.3724807,492.4408743,184.2372553,502.9010746,,30.64222373,30.70164496,84.76135267,,-154.4513987
13.068459,142.0692485,413.0271158,146.667585,414.9155672,156.5393779,497.5815829,180.4447729,504.5960755,,4.971010688,24.91326989,85.7836963,,-23.6780874
13.095263,157.9663181,408.592952,168.9873769,411.8932393,157.5058328,506.9031189,180.2369589,515.4322714,,11.50459184,24.27860243,98.31124535,,214.1641698
13.130478,162.4911843,409.1022085,170.6819408,414.8832685,155.5791358,508.6939522,185.9279624,518.2587929,,10.02542502,31.82039367,99.83131687,,-1016.212438
13.1564,171.4649957,420.6920294,171.5816323,420.2759074,178.2940175,513.1165643,182.5963263,516.5077441,,0.432159248,5.478134851,92.67648132,,733.4677714
13.189549,165.389561,416.6126581,176.4534252,416.6756217,160.8449546,509.7187348,190.2153757,514.7120471,,11.06404336,29.791858,93.21692425,,-234.3073456
13.233558,181.7769258,416.6463248,209.0332411,410.7703064,180.8915978,510.5663683,200.3608721,509.9132493,,27.88250914,19.48022603,93.92421614,,-463.3146762
13.269776,197.3461819,415.626102,210.5440251,414.0601441,188.3839981,501.8071346,188.0322456,499.1302514,,13.29042096,2.699895088,86.64577958,,0
13.308207,197.3461819,415.626102,210.5440251,414.0601441,188.3839981,501.8071346,188.0322456,499.1302514,,13.29042096,2.699895088,86.64577958,,351.3759124
13.330016,202.1582411,416.2829827,207.3806846,420.26067,191.6596623,503.5069233,197.8475347,511.8197501,,6.5647477,10.36305236,87.85349151,,123.0197323
13.378606,192.5372766,418.2775641,207.1149608,424.7488296,189.6955177,511.405832,202.7665598,521.2120775,,15.94948757,16.34058115,93.17161518,,-342.0203522
13.423475,177.6398916,421.6168379,211.3712153,417.3919701,200.3424049,516.8049307,199.8117552,517.6459904,,33.99487765,0.994469971,97.85794358,,38.41638828
13.45854,180.3455967,422.3269166,214.738988,418.2709904,200.9578292,518.8473523,203.2891537,519.0658439,,34.63171816,2.341540626,98.69680155,,348.1820475
13.485309,177.7542862,418.5011096,214.7804064,416.3693914,193.8001581,519.3849176,205.4502067,519.9133253,,37.08743452,11.66202586,102.15191,,-1.147288151
13.512083,173.8784731,417.96818,215.469206,417.083042,191.9861457,515.9181207,203.3459235,518.4166768,,41.60015063,11.63130836,99.60963151,,-49.74808237
13.546392,173.3964616,417.6599359,216.1303046,419.947372,198.0794018,517.2556314,207.9395671,518.3838461,,42.79501959,9.924501406,102.6087233,,-177.8329884
13.583844,187.2994817,414.6718826,219.1048684,419.1680219,205.1459524,520.0655855,208.3882919,520.443595,,32.12161098,3.264300326,106.8940088,,567.4207065
13.606518,171.5459706,412.5851547,207.4762889,421.2905824,195.0055858,509.8087153,209.2787877,517.3222048,,36.96988294,16.12999743,100.0138704,,237.5073537
13.643939,175.2492324,409.4505031,176.8930303,407.8767935,208.2504332,513.9260472,187.8821513,499.3994711,,2.2756611,25.01776011,109.5637649,,-431.0577158
13.677212,181.5333171,414.504081,175.6462222,411.7685661,188.6060235,505.2370729,178.1294458,503.1875076,,6.491604434,10.67517673,91.00823586,,-133.473453
13.707309,171.3615447,413.7696072,175.7177924,412.5972763,182.0615728,507.5496261,188.3920917,505.4871413,,4.51123639,6.658026216,94.38846617,,703.7428983
13.748852,147.1206606,407.5731852,192.7512464,415.5025307,152.5561048,508.4058852,187.6743753,515.8260503,,46.31441331,35.89361744,100.9790941,,11.95800481
13.78629,154.0661669,410.9702927,186.5074021,417.655718,149.79116,514.8731229,185.9752705,518.2495592,,33.12293243,36.34130123,103.990739,,-151.6498933
13.821507,159.5776842,416.1452,184.2124042,419.9911843,155.4870273,512.2017875,185.3169078,520.6408834,,24.93313107,31.00064693,96.14365021,,-952.6991193
13.84931,159.5919147,410.5030627,173.4434658,416.8822197,168.021264,512.9377052,167.8751976,508.4273164,,15.24988891,4.512753319,102.780883,,245.2534558
13.876125,145.2359709,416.7412071,166.8522389,412.5887646,159.3939613,511.6236397,170.4580914,510.8780323,,22.01149293,11.08922474,95.93291775,,1284.586121
13.911373,109.6196916,423.7976882,136.2891575,420.4360713,121.5782124,474.454113,171.8017008,500.0468522,,26.88049255,56.36831634,52.04881933,,-1182.867916
13.948853,120.6032268,414.1378131,116.5398909,410.1116397,162.0963035,493.8574979,173.9013672,496.1958521,,5.720207241,12.03442684,89.87159484,,-52.89112819
13.97153,101.5603911,391.2304308,115.1749073,392.5798349,155.9325412,490.9973097,166.1438891,494.6202806,,13.68122592,10.83501472,113.6211285,,1812.687147
14.009065,104.6959357,391.1338385,107.9589084,390.4674201,102.3668911,452.6282831,171.9435494,489.7797605,,3.330330963,78.8742268,61.53853399,,-117.9185831
14.033877,112.8463757,381.274889,218.4688868,413.8699994,106.3821589,448.0743099,171.5406508,487.0939856,,110.5375777,75.94843091,67.11146498,,-1693.935041
14.071938,124.6418068,385.364368,121.0908241,382.8305873,170.285616,471.3189674,171.4679786,482.733463,,4.362284123,11.47556932,97.32189104,,960.3106076
14.099752,130.9172848,388.8718233,79.41210558,331.1308746,150.7373427,446.5914549,175.3971038,475.7468993,,77.37441853,38.18564856,61.02778521,,540.4216048
14.139089,72.02651918,337.6073459,67.74448261,322.3669671,118.306671,424.9122234,159.5022381,467.7670917,,15.83050799,59.44421322,98.8129247,,954.592113
14.176571,72.20967215,338.2096607,63.7162383,321.5388269,120.4823535,422.6688275,178.1944803,498.411585,,18.70975997,95.2242348,97.28104965,,-1218.925189
14.20147,205.651751,418.2964494,221.587921,418.5785126,143.9415886,437.2624331,174.3262099,494.5811801,,15.938666,64.87421652,64.55890861,,0
14.235865,205.651751,418.2964494,221.587921,418.5785126,143.9415886,437.2624331,174.3262099,494.5811801,,15.938666,64.87421652,64.55890861,,-981.5378636
14.26741,72.61279867,341.2035278,212.5451423,421.3445024,145.3726517,439.7071452,163.6907603,468.2456074,,161.2564312,33.91160461,122.4620711,,80.38135001
14.305811,175.6314598,417.9717139,214.8136932,418.8383846,216.2721911,497.2823064,179.9281828,490.3548684,,39.19181716,36.99832883,89.11699683,,-514.0574216
14.328374,132.6511582,391.7985469,202.4356685,413.7635655,152.473857,457.473819,163.7932233,480.2117659,,73.15968781,25.39965123,68.60160897,,-46.90987208
14.366772,110.44331,382.8253055,86.57939035,377.3010776,148.0028917,465.7615288,170.7141636,472.1711226,,24.49497408,23.59840596,91.04471051,,-427.5101865
14.393735,108.8635206,393.6347884,104.6847071,392.9364892,168.8485302,479.7580253,156.7929232,480.3762616,,4.236756311,12.07144881,104.9543392,,410.2663407
14.427877,105.130582,403.0853675,120.807564,401.6870212,155.0620896,483.1871656,180.9577532,486.2720392,,15.73922288,26.07876221,94.38990153,,-95.29313166
14.453839,137.5405444,415.9737886,173.957339,416.7098583,156.6367112,494.0469586,179.5246383,499.8199629,,36.4242327,23.60476193,80.37464439,,-52.7028653
14.505096,146.6369391,413.1452532,167.1995645,408.3696346,151.2918744,508.9536722,172.1492735,507.5680934,,21.10990517,20.90337116,95.92143438,,262.2319216
14.533972,163.4205337,422.6112217,175.4923281,426.2209691,171.5677818,515.5434931,198.384454,505.9661889,,12.59994033,28.47558013,93.288717,,-621.9839835
14.571203,158.1157854,415.8418197,192.265815,420.8615029,175.911281,514.5259302,180.9450997,512.8092321,,34.51697758,5.318494436,100.2757864,,1567.656695
14.609619,142.7930257,414.974579,212.2436618,418.9018422,145.781155,505.2782253,211.2446802,508.4762585,,69.56158603,65.54159403,90.35307107,,0
14.637675,142.7930257,414.974579,212.2436618,418.9018422,145.781155,505.2782253,211.2446802,508.4762585,,69.56158603,65.54159403,90.35307107,,-835.4507043
14.673745,178.6439841,415.5056846,166.2030528,414.2644242,186.458726,512.7846091,221.8636384,512.4106654,,12.50269967,35.40688713,97.5923119,,-1153.595209
14.700495,193.3892419,418.8658576,125.936664,402.3518437,191.3453763,506.822904,195.1786311,504.374962,,69.44467525,4.548215298,87.98078994,,453.2519316
14.734722,211.0223887,428.4910019,114.3626885,400.1473203,202.1424717,500.4662421,182.3974039,496.9161904,,100.7296477,20.06166916,72.52094958,,-581.9512907
14.760615,203.7995501,423.3298121,165.7192744,411.6426009,195.5067105,503.7415263,191.4302651,500.8580071,,39.83338177,4.99320439,80.83820241,,282.0274386
14.794792,209.7745547,425.1770732,172.2247956,418.1449872,210.2121079,514.5233463,196.2427423,510.1697395,,38.20254758,14.63205616,89.3473445,,-322.9872416
14.820633,182.9648362,423.0574766,217.5044078,419.3338856,204.8295385,518.0156022,198.6735849,516.744855,,34.73970547,6.28574285,97.44285928,,273.5296037
14.87205,176.1383413,418.5888482,217.6319309,417.0763543,190.8770823,522.2014455,210.832776,518.2158165,,41.52114661,20.34981448,104.6556296,,0
14.899859,176.1383413,418.5888482,217.6319309,417.0763543,190.8770823,522.2014455,210.832776,518.2158165,,41.52114661,20.34981448,104.6556296,,-44.80028858
14.935146,176.4951856,419.7527815,211.8419793,422.3494498,194.2725559,522.4793288,212.7111579,518.9734314,,35.4420444,18.7689467,104.2534336,,-41.33856269
14.974555,169.2950511,419.8230028,218.1560828,418.4218826,194.8201149,516.4214494,210.9009454,510.4901052,,48.88111656,17.13983528,99.91390678,,-173.5634956
15.000414,173.3021682,419.608615,210.3290294,417.9096623,192.2063473,516.1179171,204.6464996,513.8142175,,37.06581836,12.65165685,98.34334436,,-18.0087459
15.038637,176.7143992,415.3150839,212.212579,417.109413,193.6319765,507.526865,205.2469145,510.3928669,,35.54349991,11.96330856,93.75082397,,-52.8909443
15.065543,188.1203642,412.4063716,212.0000532,417.838073,200.9781584,496.9994452,190.8025672,494.2510488,,24.48964938,10.54022481,85.5646596,,-166.0858069
15.103935,175.807355,413.2231502,211.7524547,414.3045127,190.3567683,504.167604,194.1229557,502.3917802,,35.96136173,4.163858511,92.10091804,,16.09362707
15.127561,179.8586834,413.1550568,215.1768452,414.5296541,191.0693169,504.9603295,187.2226487,502.5412664,,35.34490162,4.544086544,92.4872229,,-84.61877556
15.164944,147.6110697,406.7231958,181.9888436,414.1482247,180.5346395,508.7518619,181.6031964,507.8773635,,35.17047615,1.380782858,107.2091888,,193.0341101
15.189596,158.1470772,414.8192029,201.1012357,422.1240044,173.6531607,512.0101988,179.7854602,511.7137722,,43.57086019,6.139459739,98.42016211,,327.2477885
15.228024,167.8143619,418.2896857,178.3548722,418.1461272,167.9141081,508.0340695,184.4915035,516.719624,,10.54148787,18.71493776,89.74443923,,79.83351083
15.253849,160.5040886,420.4988828,177.1012813,419.6756065,159.1050774,508.385024,178.8579159,514.8266127,,16.61759879,20.77663817,87.89727554,,-308.3713547
15.306255,139.1100932,405.1693975,149.6574812,409.610249,172.7641089,502.0614588,172.0130487,506.6160779,,11.44414941,4.616128959,102.5702896,,0
15.340501,139.1100932,405.1693975,149.6574812,409.610249,172.7641089,502.0614588,172.0130487,506.6160779,,11.44414941,4.616128959,102.5702896,,2952.036479
15.36645,115.832054,416.5770534,143.177305,415.4984649,110.1804741,456.4210314,175.9755935,504.0387889,,27.36651431,81.21852354,40.24279983,,-2854.362121
15.393232,108.6380183,396.613418,110.443158,395.1634697,157.5489041,486.9684004,162.1181907,488.3479374,,2.315357296,4.77299721,102.7438446,,-108.8512611
15.428397,209.7824204,406.1212229,102.1787793,375.808191,166.5335451,482.1841561,165.6014979,482.3415461,,111.7918757,0.945242612,87.49877154,,1905.190273
15.465838,87.03162999,372.7452046,91.31416054,371.7499468,108.0326825,454.0265534,171.8812318,487.8997826,,4.396658504,72.27747162,83.95059183,,-2201.138181
15.488469,109.922046,380.2691437,84.49290947,371.1350164,156.9688944,477.8737536,175.1260792,491.0997158,,27.01986799,22.46351344,108.3515843,,-439.9929142
15.532574,138.6129583,398.4484436,201.7694401,420.0543379,175.4780406,488.1755001,173.4675568,490.4791996,,66.74995028,3.057625958,97.00504606,,0
15.568673,138.6129583,398.4484436,201.7694401,420.0543379,175.4780406,488.1755001,173.4675568,490.4791996,,66.74995028,3.057625958,97.00504606,,1240.513493
15.608143,176.4206324,420.0232551,83.02747674,323.6703171,141.8948542,439.8561375,167.4886764,485.1453064,,134.1870716,52.02069352,39.81673749,,0
15.631769,176.4206324,420.0232551,83.02747674,323.6703171,141.8948542,439.8561375,167.4886764,485.1453064,,134.1870716,52.02069352,39.81673749,,-267.97405
15.668252,173.3761514,417.1327821,80.57508892,326.9491352,143.8170294,438.5374362,164.6325161,475.2973006,,129.4029651,42.24419626,36.49521764,,839.3211264
15.694122,176.6590923,420.1109177,206.0037695,418.0920933,147.108444,439.5988494,177.3836295,495.936816,,29.41403971,63.9574338,35.39802674,,-842.1465746
15.728278,202.9837974,419.2360393,86.46001794,324.193367,208.1208962,491.1400702,173.0379833,488.3576651,,150.3692147,35.19307539,72.08730432,,-442.2899606
15.755131,112.7324561,356.8472611,84.75679034,340.4587944,150.5874954,443.541122,164.7241116,462.08308,,32.42251865,23.31626308,94.59825325,,-435.4334417
15.806514,203.0435691,406.7344814,85.69248541,371.0383481,156.6948299,463.9355849,155.8628899,464.3782679,,122.6600619,0.942386546,73.62181652,,4048.988837
15.833426,201.7671601,412.5190753,99.85266066,388.0918653,194.6120349,485.1408986,92.73545796,443.8964844,,104.80102,109.9087741,72.97345432,,0
15.868647,201.7671601,412.5190753,99.85266066,388.0918653,194.6120349,485.1408986,92.73545796,443.8964844,,104.80102,109.9087741,72.97345432,,-3622.478188
15.894454,109.2508588,396.5281113,106.1307796,395.4868373,165.208688,477.4365044,179.4695404,485.5825936,,3.289246989,16.42347955,98.37401447,,142.3609218
15.929657,111.3119946,404.5678806,120.4932591,403.9758633,160.4299535,489.3799018,180.4467488,497.0472094,,9.200331641,21.43501108,98.00843243,,-71.9246734
15.968176,128.021302,401.4520382,130.5808837,400.9607931,157.318671,500.4316634,175.8520603,502.6404426,,2.606296266,18.66454458,103.2245225,,64.85834414
15.99074,144.3010548,410.3975027,172.9802066,405.3540704,156.2918174,498.5694689,174.2167171,507.7255973,,29.11923689,20.12800826,88.98356034,,-112.8085363
16.028143,162.3281706,413.8929125,173.5773726,413.567607,160.8553852,507.4620775,175.4025945,513.9012722,,11.25390462,15.90863058,93.58075516,,-492.8980874
16.055003,169.6423577,418.6163211,178.3999764,418.1039868,176.0286965,518.3921297,176.6280665,515.7909016,,8.772592076,2.66938795,99.97998452,,629.1636981
16.10744,175.2500874,416.8095665,172.2625661,412.7950967,169.3767289,514.6911479,204.9306907,511.9322258,,5.004123429,35.66084479,98.05763773,,-1132.806388
16.135204,196.9671465,417.8955268,135.2454896,411.9654745,183.0370714,518.983691,185.833764,515.8373738,,62.00587432,4.209608227,102.0434414,,0
16.169453,196.9671465,417.8955268,135.2454896,411.9654745,183.0370714,518.983691,185.833764,515.8373738,,62.00587432,4.209608227,102.0434414,,452.0790404
16.196284,211.8349115,426.4972945,220.3970088,418.4181207,191.7486549,508.1836317,175.5095604,506.3764591,,11.77210939,16.33934096,84.11964925,,-223.29488
16.230555,194.4115926,422.084182,224.0225635,418.8923045,191.9703003,511.8971152,184.009834,508.4198307,,29.78250627,8.686802128,89.84610664,,-142.6109855
16.257412,194.1310494,419.0789914,222.7126778,420.3720437,190.4253557,507.3771127,187.682811,503.3688746,,28.61086273,4.856698889,88.37584733,,193.8808912
16.291565,190.9483296,416.7284016,220.1755533,426.0570814,195.6307378,513.202821,206.4951286,516.9064248,,30.67987731,11.47831297,96.58798344,,1.252018689
16.32908,195.9323702,420.937082,218.8247431,421.3189294,194.4917315,512.4282588,205.1452684,516.8253359,,22.89555731,11.52528245,91.50251839,,-192.7524222
16.369894,184.6722626,418.2188944,213.7120015,421.5272754,201.2696452,507.0477414,204.3827517,505.1263831,,29.22758663,3.65828509,90.36612844,,0
16.407353,184.6722626,418.2188944,213.7120015,421.5272754,201.2696452,507.0477414,204.3827517,505.1263831,,29.22758663,3.65828509,90.36612844,,-16.82951393
16.429881,189.8717549,408.7460482,215.4373252,421.4622598,206.0237187,505.6034928,202.8850012,504.6541373,,28.55346603,3.2791498,98.19496173,,114.8294381
16.467415,189.2863874,413.0404912,215.9224906,429.0603721,202.1075891,507.8475727,209.6029532,506.6581043,,31.08244807,7.589157929,95.67008893,,-264.3723356
16.489989,189.0851851,413.7002599,217.5566178,425.3320313,209.9983661,505.4345513,209.0136339,504.1466668,,30.75582198,1.621216824,94.08794481,,103.92026
16.527399,189.5902997,426.9938974,220.6646705,417.1918698,207.4658773,514.1803715,202.0709965,513.0654943,,32.58368097,5.508873752,89.00009854,,248.9941175
16.567252,179.9792908,418.854268,212.134682,421.8136704,192.8930569,513.0904593,208.2993373,513.9816771,,32.29128746,15.43203632,95.11690231,,0
16.60467,179.9792908,418.854268,212.134682,421.8136704,192.8930569,513.0904593,208.2993373,513.9816771,,32.29128746,15.43203632,95.11690231,,-132.533837
16.63896,183.4412239,413.4014014,212.1136308,421.5993206,194.2509728,500.9910399,202.4908804,508.1072547,,29.821348,10.88745105,88.25415256,,434.7522402
16.665718,182.9908652,411.9050568,216.3466303,413.7101015,212.6091698,503.2380837,191.796077,494.636316,,33.40456932,22.52055149,96.01544548,,-488.8501672
16.692752,183.046609,413.0773498,218.9421966,409.8661691,196.4153696,502.1452836,205.469624,504.2907572,,36.03893576,9.304976072,90.06564601,,352.3025886
16.726778,181.0999438,413.9678076,213.6255168,412.7153377,190.6270139,510.858881,211.9193823,510.8102429,,32.54967864,21.29242395,97.35833385,,-459.9250288
16.765262,166.5846721,416.0535095,204.9899304,418.8762312,181.1292026,513.0947152,180.7156265,509.5259302,,38.50885123,3.592669142,98.12511896,,-33.57641977
16.803092,168.7851487,420.2234694,209.0721516,421.7231958,177.8174398,518.306975,175.9285893,516.9556329,,40.31490769,2.322473182,98.4985094,,0
16.8383,168.7851487,420.2234694,209.0721516,421.7231958,177.8174398,518.306975,175.9285893,516.9556329,,40.31490769,2.322473182,98.4985094,,203.6343829
16.864155,170.0496641,416.7307195,191.5851091,419.7360621,176.4918607,518.3654548,168.9386628,517.6454204,,21.74413658,7.587440152,101.8387024,,-18.30917338
16.902631,168.3556511,414.3962792,170.7788181,413.8940525,177.2901911,511.7164701,170.4073064,511.6809415,,2.474665628,6.882976397,97.72945084,,750.4300249
16.926161,159.451833,414.2321635,182.3881703,415.2388588,159.9955542,511.1019957,184.3382554,514.2122522,,22.95841903,24.54059488,96.87135812,,-129.1904849
16.9636,142.8204797,405.3302833,143.9115888,404.9648134,162.0004332,495.9276964,179.2645762,505.4245577,,1.15068993,19.70383232,92.60540954,,1889.577616
16.996007,128.7256619,410.3748176,175.4480218,415.703999,112.2809574,471.9169504,183.1019729,511.1032496,,47.02530265,80.93937411,63.70135333,,39.61705323
17.022607,115.8552332,411.1701651,136.7010617,411.2588537,114.0390169,468.2275961,187.4149213,504.818025,,20.84601716,81.99318773,57.08633001,,-1432.267025
17.057903,117.5167574,400.4601243,126.8631065,398.8489102,155.1887768,489.8621413,184.3875395,501.5197136,,9.484210688,31.43989083,97.01495601,,-284.8555748
17.084656,100.6861017,394.973477,162.7270413,412.5215072,158.8320199,483.4572972,179.7565813,494.8377462,,64.47489085,23.81914963,105.8788659,,1588.687059
17.122182,104.2381103,394.2487688,170.2927408,412.2774805,102.1477725,455.8152967,176.6192318,493.4398179,,68.47078688,83.43622023,61.60200378,,-2826.271074
17.145763,112.3130472,385.1184795,85.78740576,371.4607019,160.6671594,474.0463126,173.1732391,485.2489664,,29.83529022,16.78992203,101.2239086,,1661.888813
17.183209,108.8876307,379.6539853,169.7807484,404.8163531,105.0237111,448.6169671,175.027188,485.2752994,,65.88715001,79.02101053,69.07114255,,-2939.381756
17.205851,80.11414762,361.6851213,83.0181291,349.115736,169.0255844,473.4325602,175.0080937,484.3709722,,12.90048663,12.46752881,142.8031291,,-2.820450513
17.243264,82.70815601,367.4349845,167.1578231,407.6092838,177.3288166,477.1035232,172.0965315,465.9034153,,93.51855749,12.36200729,144.8456344,,158.0318569
17.277624,121.1439841,385.0168714,200.2681937,413.2431755,155.3537094,449.0644379,166.8828847,462.6155536,,84.00812335,17.7919819,72.61126689,,-291.6764624
17.304276,121.1671062,379.9493479,198.8981183,404.4673365,186.7361153,478.6331925,176.7229298,478.3156007,,81.50608571,10.01822082,118.4812058,,816.1081747
17.342926,173.1433533,386.4019562,86.83664047,367.0434095,217.6214813,469.2041966,176.145181,466.5552803,,88.4511278,41.56080177,93.99210012,,-305.2089696
17.368335,194.5197364,390.7769182,116.6447288,375.4607703,183.6316725,462.3132372,151.7875654,450.9650489,,79.36687719,33.80574707,72.36017462,,0
17.405841,194.5197364,390.7769182,116.6447288,375.4607703,183.6316725,462.3132372,151.7875654,450.9650489,,79.36687719,33.80574707,72.36017462,,-772.8173362
17.428543,123.7744711,393.2376657,90.95912117,377.0978234,155.6885336,458.1941573,139.714631,455.1507022,,36.56968281,16.2612479,72.37301421,,581.1762536
17.470915,119.4875327,394.5622568,105.8508633,379.8336424,145.1054839,463.3248723,181.8866276,481.1821346,,20.07214075,40.88684811,73.37967507,,3006.33268
17.496695,117.161737,408.1816178,129.9036357,407.5766431,80.62131414,438.5092412,187.4356305,489.5672346,,12.75625246,118.3901046,47.48649538,,-955.6347107
17.531842,129.5201734,406.041084,136.9870197,405.2203155,110.5650763,460.4751338,183.4920279,503.7545598,,7.511820991,84.80241143,57.63992959,,-2356.423319
17.558716,149.6549922,413.7640975,160.6988502,411.3065038,156.8033538,501.4304171,175.7612438,511.5206256,,11.31399869,21.47589115,87.9572775,,679.716087
17.598204,163.4746436,416.2273149,170.2804102,418.985439,166.0453019,515.858387,213.7952563,508.4808563,,7.343412529,48.31652,99.66423035,,-467.6221124
17.632368,168.2152845,416.5067181,173.9373898,422.9900292,174.062025,516.9474632,204.8985439,507.1992036,,8.647300844,32.34067815,100.610773,,131.7229206
17.658244,169.2010807,421.3859588,208.5776766,422.0159366,173.3563541,520.1757053,208.2085588,512.2180128,,39.38163502,35.74914044,98.877097,,289.9524302
17.692424,164.1554254,415.0337047,181.2806648,415.155832,167.2800264,512.3312865,212.2525155,504.4392175,,17.12567487,45.65971451,97.34774037,,-240.5797842
17.738559,187.8712457,412.5702213,137.2512996,410.2563382,187.8957928,509.1719358,153.7439202,503.8726593,,50.67280334,34.56056616,96.60171762,,-68.81350801
17.774733,184.2428411,413.2773362,134.323018,408.463301,185.4495987,505.8102809,155.6793189,493.881361,,50.15140749,32.07130632,92.54081326,,0
17.801544,184.2428411,413.2773362,134.323018,408.463301,185.4495987,505.8102809,155.6793189,493.881361,,50.15140749,32.07130632,92.54081326,,-710.4219416
17.836854,180.5581986,412.5821528,208.9711135,421.2359405,179.9508299,509.3017768,186.3816269,506.5716956,,29.70154499,6.986307567,96.72153102,,469.0043823
17.862681,198.8997522,418.4739786,165.8729405,410.0112096,192.5348067,501.3578399,173.8399805,497.448094,,34.09382276,19.09928375,83.12789541,,-27.21734874
17.903068,173.3113448,413.7192592,214.4905156,420.8126368,182.0885138,507.0029411,200.0829128,506.5516704,,41.78564483,18.00005668,93.69569896,,-36.40607661
17.927667,180.8177666,412.4287147,209.2489968,419.0274653,205.7076848,508.5578414,188.8348887,511.3636916,,29.18695531,17.10450361,99.29912904,,-366.4799971
17.965147,177.7918098,410.4222778,216.0454539,417.292414,206.0317364,505.1429885,202.786699,504.2381293,,38.86566683,3.368833314,98.84081389,,25.90090202
17.999317,182.3763527,421.7477429,205.8194385,420.5439871,182.1759484,517.3606973,183.5771066,513.3442136,,23.47397069,4.253867136,95.61316442,,90.18546975
18.028391,174.8628253,418.1732581,204.0856791,418.8692014,187.0868419,518.8399045,181.8291738,514.4087427,,29.23113958,6.875919484,101.4061156,,298.246324
18.066121,171.9894136,412.995311,207.108463,417.0276021,207.7372249,514.6399258,189.6573292,513.3098629,,35.3497808,18.12875329,107.7475463,,-265.4665915
18.08918,169.6179817,413.8112536,208.514485,414.4167224,200.2575161,510.519744,188.254081,510.8266963,,38.90121542,12.00735916,101.4461098,,184.6555286
18.139675,195.7117887,421.2480241,207.2192288,418.9241093,208.4285703,503.2226183,187.3711089,499.8141111,,11.73975118,21.33154007,82.95511213,,0
18.166486,195.7117887,421.2480241,207.2192288,418.9241093,208.4285703,503.2226183,187.3711089,499.8141111,,11.73975118,21.33154007,82.95511213,,-496.4851665
18.204935,178.5451309,410.0242051,169.6300842,407.7770094,186.6015625,501.8785719,186.7068185,499.6388619,,9.193908101,2.242181908,92.20699968,,15.25423921
18.228507,176.120767,410.6977292,166.980275,408.6248328,186.0763087,500.6454432,186.7928472,498.1443033,,9.372592677,2.601754835,90.49698373,,521.1591238
18.265995,211.6868692,416.5187257,222.5641035,406.92664,195.9078991,497.8882311,173.9304741,495.2186436,,14.50249406,22.13896807,82.88529608,,-158.5773181
18.289635,189.1552924,412.3067014,128.4194887,399.141689,192.9288515,501.6016385,174.7982847,498.5223507,,62.14624206,18.39020027,89.37463589,,-176.814642
18.326003,181.4351669,416.9570009,140.9826423,408.384492,183.280262,506.2471881,171.4949006,504.2119483,,41.35087249,11.95980537,89.30924872,,30.38080789
18.366878,166.8183062,418.9183715,200.9255305,421.405984,166.4993274,515.806025,179.6529213,514.6809643,,34.19782106,13.20162089,96.88817858,,0
18.405279,166.8183062,418.9183715,200.9255305,421.405984,166.4993274,515.806025,179.6529213,514.6809643,,34.19782106,13.20162089,96.88817858,,400.0721394
18.440497,168.7945533,417.1973796,207.006399,418.3835041,169.6853151,514.113912,196.6196498,509.713909,,38.23025037,27.29136149,96.92062582,,504.0461663
18.466411,174.1316193,422.2837123,224.0569142,422.2797985,172.6992263,519.0395109,212.8708278,515.2153377,,49.92529505,40.35321385,96.76640074,,-1062.581755
18.493199,170.4116572,420.8346379,172.9786296,426.3223872,165.9965877,520.4085603,171.6266225,509.9373784,,6.058443668,11.88877379,99.67175558,,126.1397303
18.528407,165.9413189,418.4683548,171.3187774,428.2764622,165.598743,510.521568,179.2275277,519.5172285,,11.18552773,16.32990142,92.05385065,,311.1069252
18.565894,141.5332601,411.3574219,165.4129871,420.4658241,150.4909981,504.4714783,176.9649805,513.5654791,,25.55786283,27.99236672,93.54393924,,-229.9519207
18.591349,130.0947304,407.2302864,160.1071749,413.2665826,159.4861457,506.7685661,181.562804,508.4280384,,30.61345614,22.13894058,103.7869183,,15.65974997
18.632734,161.9327958,421.2593476,118.2573679,404.1101882,161.5455717,488.9026021,180.4792756,501.5818413,,46.92160132,22.78701933,67.64436282,,-476.2204677
18.667762,218.6516218,427.812158,112.213814,392.1206226,173.646891,499.6112369,168.5824454,496.2003359,,112.2626057,6.10596879,84.7380288,,0
18.706202,218.6516218,427.812158,112.213814,392.1206226,173.646891,499.6112369,168.5824454,496.2003359,,112.2626057,6.10596879,84.7380288,,608.1794379
18.728771,114.3432712,392.9518406,112.6154776,391.2276949,156.3460223,483.1734101,173.5103812,493.1077867,,2.44089105,19.83197052,99.51965988,,199.1540833
18.766246,107.9559635,389.5716045,116.7289336,388.1627326,152.2010085,486.6836393,178.2762152,494.7530475,,8.885376999,27.29526979,106.7163123,,273.2908937
18.800483,88.48988099,382.474921,214.3079326,414.5650307,148.5544215,478.385062,181.5571422,494.3282238,,129.8458981,36.65193012,113.165826,,-419.169379
18.826327,91.73875623,377.2791525,88.97565433,378.0400353,158.8519311,475.911547,179.0428928,492.0032071,,2.865950932,25.81891669,119.3001571,,4.66088585
18.866141,92.66075283,375.3181238,91.26755533,369.3680463,206.3897206,493.2215163,180.415856,491.9599267,,6.111008225,26.0044852,163.8154085,,0
18.904588,92.66075283,375.3181238,91.26755533,369.3680463,206.3897206,493.2215163,180.415856,491.9599267,,6.111008225,26.0044852,163.8154085,,180.6115804
18.939824,210.3847352,419.9601015,90.94386476,375.67778,156.4034381,477.6748313,185.1865728,492.4819887,,127.3854212,32.36851485,79.02512558,,-459.7829891
18.966641,104.662117,387.4000638,103.8132486,386.4825891,159.0206446,477.3013056,174.3949302,490.1532861,,1.249934953,20.03851443,105.0575214,,-377.3653391
18.99353,216.6875532,420.3347291,103.8421085,383.8856168,165.2919808,482.7652298,171.7065335,490.2949067,,118.5859696,9.891537826,80.86453042,,525.884249
19.028682,108.4286083,402.3410901,114.7530855,382.9072684,159.7793045,487.0982414,184.5803441,500.8890519,,20.43703593,28.37742094,99.09928706,,-266.6965661
19.067148,136.8325746,413.2708384,118.0484329,411.4453885,155.6638915,490.3144379,173.6695951,492.3345544,,18.87263222,18.11867083,79.31163042,,97.76474272
19.089762,138.9516773,403.463985,136.9768741,403.0594145,157.2253845,497.2157709,176.1666122,504.5994954,,2.015818684,20.32952273,95.51610196,,-460.6245388
19.125295,140.5622454,403.1319157,153.6869224,408.540514,169.3779259,512.3806466,165.6207442,513.6385123,,14.19542468,3.962150987,112.9850815,,154.7847822
19.167988,169.3066976,418.2257721,174.8215399,423.7115455,160.8527063,511.3252371,169.5506293,517.3318185,,7.778637116,10.5703777,93.48251362,,0
19.20545,169.3066976,418.2257721,174.8215399,423.7115455,160.8527063,511.3252371,169.5506293,517.3318185,,7.778637116,10.5703777,93.48251362,,-11.42393368
19.228057,170.026846,419.5359998,210.5427332,420.9518634,168.9701825,520.7531311,179.1115561,518.8843628,,40.54061896,10.31211683,101.2226467,,28.65560885
19.265508,167.3936421,420.6529289,169.0565722,421.3464023,170.6072167,520.5753739,181.8838537,519.0061482,,1.80173302,11.38529803,99.97410703,,-257.17393
19.300804,171.3513991,414.5731244,171.0007676,419.3993951,174.4666335,515.2273073,175.2263193,513.047825,,4.838990733,2.308087002,100.7023794,,29.2631581
19.326582,172.6707844,418.7392084,162.552856,417.6403666,172.1688047,512.2931359,170.417908,509.7805964,,10.17742248,3.062432692,93.55527422,,137.7674718
19.362829,181.2893285,413.1275459,139.2931321,407.500342,182.2351122,512.5809369,175.2010883,508.6537117,,42.3715227,8.056090243,99.45788801,,1190.208654
19.404947,211.0480378,425.389371,126.3856928,404.5730104,198.4722687,506.7475149,142.5353196,490.729192,,87.18390637,58.18529834,82.32434359,,0
19.440077,211.0480378,425.389371,126.3856928,404.5730104,198.4722687,506.7475149,142.5353196,490.729192,,87.18390637,58.18529834,82.32434359,,-1792.335489
19.466885,206.0848203,423.0065585,110.1921206,397.2748206,189.9976061,510.4882813,180.9061892,506.0058594,,99.28510559,10.13636855,88.94858225,,14.09869539
19.50371,176.8334486,412.9472808,215.4746398,411.5136719,188.5558655,505.234679,178.8491382,500.8391978,,38.66777588,10.65555301,93.02891445,,-264.4847855
19.52796,185.5430371,416.3602718,215.2137038,412.2114391,189.4171784,504.6015853,186.6494787,501.3871367,,29.95932702,4.241796958,88.32631759,,470.3754591
19.566431,192.3980879,413.4345741,160.5318656,410.2328931,194.9879545,500.0206332,172.8594472,496.9713643,,32.02665897,22.33761125,86.62478306,,839.6076002
19.589026,205.8264303,421.2835527,150.0935904,404.5641947,212.3574675,503.4197927,171.84994,495.3243555,,58.18665118,41.30854497,82.39548755,,-790.6066212
19.625415,178.5783036,408.3346379,162.7064271,404.6134788,188.046153,497.162269,175.91073,494.0059962,,16.3022541,12.53916063,89.3307798,,-35.33774026
19.658686,183.8071878,412.0120607,211.1775368,413.8639956,189.7232566,500.6325237,178.9441725,497.0354298,,27.43293034,11.36343868,88.81771407,,84.48394226
19.687478,175.9405209,406.0987658,167.2297544,404.4663105,190.078505,500.3612901,176.8693572,496.380677,,8.862412952,13.79590034,95.31687197,,-40.89987705
19.72628,182.8680159,412.3195449,158.359508,408.8385366,193.1593127,500.6403894,181.691923,496.4503663,,24.75448198,12.20890331,88.91840284,,643.4710216
19.749533,206.587807,419.4555189,112.1433837,399.1231457,195.417908,498.6577775,168.490869,495.0208992,,96.60825271,27.17153498,79.98602635,,-222.6238908
19.786976,194.3947212,415.00057,114.3036957,402.2592412,196.9209782,504.6570632,178.6557066,500.0561618,,81.09817399,18.83582863,89.69207739,,-193.8913154
19.810593,189.9115014,413.8710254,127.579379,406.848667,191.2519759,507.8398589,177.0524912,506.5639059,,62.72644578,14.25669744,93.97839401,,30.3452458
19.848054,181.8890595,413.4061892,136.1216599,406.3107597,186.5381049,502.6369467,171.3229002,500.3011004,,46.31414456,15.39346069,89.35178626,,-169.5672779
19.881408,164.2467549,412.3593674,173.5747127,411.6464768,171.537402,507.525117,180.7742963,504.4424474,,9.355159524,9.737713704,95.44460924,,947.0051043
19.90847,166.8896104,423.5746747,176.6439499,422.9868753,167.7029122,515.0477642,203.0348675,513.5062774,,9.772033934,35.36556584,91.47670503,,-651.3941657
19.935054,169.3086355,427.3246367,170.2937667,426.40663,167.5225711,509.113836,184.2822076,515.8129028,,1.346558496,18.04890334,81.80869849,,-189.416186
19.96928,172.0993244,416.1553076,166.7267107,423.3262783,170.8907238,518.073246,182.422863,517.1895899,,8.960345906,11.56594495,101.9251043,,76.80854483
20.009138,167.9208528,415.7244802,166.536243,421.5834752,162.1633139,508.9083019,175.8887289,513.9652997,,6.020379283,14.62737993,93.36152249,,0
20.032443,167.9208528,415.7244802,166.536243,421.5834752,162.1633139,508.9083019,175.8887289,513.9652997,,6.020379283,14.62737993,93.36152249,,-333.3170256
20.06998,136.8076286,404.1219297,142.8447228,404.2320495,173.1926944,511.1415142,174.999639,512.2419519,,6.038098438,2.115658744,113.0356779,,3054.694655
20.095664,122.4324576,407.2721987,135.6684133,405.1851289,101.7302446,481.7027906,178.2926876,506.8047787,,13.39949192,80.57243626,77.25603299,,-1105.051172
20.132691,117.4836986,412.865736,167.8770975,419.6114649,148.1333407,499.9760609,185.1069279,514.3123404,,50.84289047,39.65570653,92.34505544,,-207.6803267
20.159599,112.6218613,405.6308518,119.0980856,401.380487,152.238551,492.4805447,184.4406615,503.5987658,,7.746423828,34.0674443,95.45863638,,-272.3460151
20.192828,108.853185,395.443557,109.1994847,385.8211485,159.6043212,491.3747112,181.5180797,503.4441117,,9.628637953,25.01765856,108.528633,,-92.79446764
20.235225,111.4093279,392.0798881,105.6663424,380.5614284,162.8300173,487.1059171,179.8024456,499.6138588,,12.87077295,21.08345152,108.0464413,,1907.743118
20.270087,85.07157025,376.6628161,88.45680326,373.4087731,105.4144121,435.4341333,175.1746603,488.4032253,,4.695593506,87.59119212,62.19243475,,0
20.295903,85.07157025,376.6628161,88.45680326,373.4087731,105.4144121,435.4341333,175.1746603,488.4032253,,4.695593506,87.59119212,62.19243475,,-1927.588279
20.330064,108.0528408,378.0259758,88.94905536,369.8333004,158.3150687,477.0366078,175.885632,489.843902,,20.78640297,21.74284893,111.037817,,1728.514534
20.368606,82.39368008,372.8575663,88.82782101,371.1033636,105.4479078,445.6974252,181.7771918,490.2160217,,6.668987676,88.36325611,76.4011941,,-3349.188496
20.39024,105.573835,380.9682028,90.84807043,372.7172377,163.9211454,477.5361746,175.5156592,488.4264044,,16.87976799,15.90691219,112.8263347,,48.16782574
20.427551,89.5884568,381.3489862,93.20677286,374.6331241,159.6932568,478.2118267,175.4451149,486.2935463,,7.628565714,17.70410193,119.5704514,,576.1679598
20.467537,99.82049489,400.3175918,102.5147054,384.3458171,165.54697,485.2851411,204.4433214,497.4113874,,16.19741823,40.74275398,107.4218505,,0
20.504833,99.82049489,400.3175918,102.5147054,384.3458171,165.54697,485.2851411,204.4433214,497.4113874,,16.19741823,40.74275398,107.4218505,,-544.2918447
20.527456,203.983083,428.2229602,107.0228903,402.8470027,162.8268824,484.1495927,185.3568443,501.4880609,,100.2258359,28.42923957,69.43789362,,2277.791396
20.565887,115.2747484,415.8375638,155.4780976,422.2852702,90.43210041,452.9883572,194.9197471,503.2942835,,40.71709966,115.9670407,44.69159439,,-233.3014759
20.592859,103.5723758,414.2653742,155.7324789,423.4395139,89.56102186,458.6051116,187.6773392,507.6119437,,52.96075145,109.6744333,46.50086399,,-2198.63038
20.627001,139.5782162,415.3174018,160.1404426,420.0492841,159.4737202,498.3372598,193.6797027,503.6021857,,21.09966504,34.60879489,85.37053298,,-839.9925206
20.65099,166.2010579,418.8446544,183.7779289,418.9892388,160.2713856,510.9316102,174.4144615,507.9293835,,17.57746565,14.45821431,92.27767033,,-70.96192736
20.705243,173.5044534,417.2734147,170.0643125,428.9020322,170.5183761,518.6598295,181.1142312,519.1738737,,12.12680149,10.60831687,101.4303789,,0
20.739505,173.5044534,417.2734147,170.0643125,428.9020322,170.5183761,518.6598295,181.1142312,519.1738737,,12.12680149,10.60831687,101.4303789,,-248.5019401
20.767283,174.8380122,421.6210558,170.7156265,429.5031311,178.4216546,519.4361777,182.0860059,518.8859588,,8.895008426,3.705429973,97.88074665,,526.9745334
20.802809,173.5189879,419.4448793,174.3924603,424.5880198,175.650934,519.141119,197.7216075,515.1607338,,5.21678524,22.42672725,99.71903231,,-542.7152908
20.825452,167.0099138,421.4078459,168.7966622,420.6140184,177.3933951,520.5589205,173.6682841,511.1300766,,1.955155223,10.13802492,99.69329104,,290.0838452
20.862828,165.2280862,413.6894683,176.8608455,423.3657208,165.5425812,510.5789458,186.1552696,514.4886536,,15.13112525,20.98019872,96.88998791,,-505.7266251
20.902615,174.296286,412.2991397,123.0974511,401.97828,181.4991564,507.8541844,181.874544,507.0817121,,52.22873577,0.858853483,95.82613375,,0
20.937841,174.296286,412.2991397,123.0974511,401.97828,181.4991564,507.8541844,181.874544,507.0817121,,52.22873577,0.858853483,95.82613375,,153.1509047
20.964672,121.8544048,404.8295385,116.926621,404.9702091,183.1393634,514.8343264,178.7127424,512.578999,,4.929791212,4.968045406,125.9241816,,32.74634798
21.004188,106.0232247,399.7427499,111.6265085,399.3707822,186.7896553,509.5019531,181.0824644,506.9248921,,5.615616557,6.262050093,136.2728843,,146.6932006
21.026825,189.5992674,418.4451757,124.4040499,394.1954569,184.8539336,502.4288287,175.3201187,501.4616899,,69.55907739,9.582744075,84.11760912,,-178.6207448
21.064182,183.9437546,415.5614664,163.6059665,413.1555888,183.7903165,504.5774562,182.6870668,501.8846896,,20.47959648,2.910008911,89.01612204,,24.96723515
21.098459,178.7339266,414.2594844,172.1247454,412.3287026,186.9720483,507.681253,185.416084,504.2519227,,6.885433501,3.76581083,93.78429238,,172.0420036
21.122354,178.8679855,416.7649942,165.3333802,414.271644,192.8852672,506.8960512,185.5608205,503.9985105,,13.76235212,7.876754507,91.21453624,,-71.48245407
21.175038,174.8921411,411.8956712,203.7521659,411.0251626,189.0006004,503.7029578,189.1704539,499.5956955,,28.87315045,4.110772897,92.88501761,,0
21.201526,174.8921411,411.8956712,203.7521659,411.0251626,189.0006004,503.7029578,189.1704539,499.5956955,,28.87315045,4.110772897,92.88501761,,-14.93735592
21.23574,171.4861419,412.9474328,200.729268,412.6972124,187.6158576,504.4719723,188.4462017,500.9693428,,29.24419659,3.599706202,92.93497221,,-3.392567572
21.26162,181.0273665,415.0021659,190.7377037,406.9243981,187.4461181,503.801108,184.8158971,501.4740014,,12.6309533,3.511906553,89.0306267,,420.5989392
21.294883,183.6093294,412.083042,116.5346091,396.2541418,190.9086971,503.4330162,173.7704052,499.8820905,,68.91713999,17.50228907,91.64114008,,204.582853
21.319705,189.63453,410.6737141,123.4485386,400.467458,191.7990409,503.7616656,169.4549869,500.5028727,,66.96829938,22.58044464,93.11311305,,222.8754954
21.373066,162.6262692,417.5797589,183.8234892,418.3126748,152.5856297,508.6521918,186.8394334,512.5362126,,21.20988688,34.47330395,91.62424611,,0
21.396901,162.6262692,417.5797589,183.8234892,418.3126748,152.5856297,508.6521918,186.8394334,512.5362126,,21.20988688,34.47330395,91.62424611,,-294.4513254
21.429207,170.9805523,419.5144546,179.3015108,420.1800751,158.7710512,508.9148377,182.4620395,516.7746459,,8.34753862,24.96075943,90.2302633,,66.00614593
21.45495,171.5948178,424.2319355,171.6697129,424.3346455,167.0691535,519.2044625,192.5895626,511.4933047,,0.127116561,26.65995565,95.08029513,,-182.5129292
21.506388,164.9809627,418.931861,169.4024349,422.3588354,162.863532,513.9252493,180.0210132,515.9096471,,5.594065601,17.2718556,95.01698445,,0
21.541655,164.9809627,418.931861,169.4024349,422.3588354,162.863532,513.9252493,180.0210132,515.9096471,,5.594065601,17.2718556,95.01698445,,-375.3659908
21.566452,145.5093324,411.3651736,166.5986936,410.8510533,159.6786463,506.5695297,166.6777116,510.3691178,,21.09562693,7.963905123,96.25299412,,2246.268956
21.59226,137.5347497,405.8792102,169.6900839,409.4399015,109.7359861,482.3680311,168.8767441,511.5206636,,32.35187846,65.93561434,81.38372675,,226.5528212
21.626527,128.358501,409.6062211,168.1274319,412.5419884,112.8764325,478.2928396,180.2832031,508.0897374,,39.87714376,73.69889986,70.4098431,,-1357.117045
21.662003,120.5104344,414.0933168,131.015454,416.0530916,147.7258253,498.5515716,173.1630175,500.990166,,10.68626006,25.55381556,88.73485395,,-133.5882209
21.702756,109.687538,399.8214449,122.5722542,397.4442181,161.7587625,495.0902845,181.3079478,499.8050675,,13.10217993,20.10969479,108.5705495,,0
21.735971,109.687538,399.8214449,122.5722542,397.4442181,161.7587625,495.0902845,181.3079478,499.8050675,,13.10217993,20.10969479,108.5705495,,-156.2424486
21.76184,109.4598127,392.4707411,122.9324044,390.3357551,160.7275581,484.3441072,174.7701278,492.1532253,,13.64070718,16.06785889,105.2097767,,113.5039566
21.795119,110.4520116,395.2273453,126.1740599,392.6100058,158.7429893,479.0662239,176.3564719,488.2092808,,15.93842115,19.84515706,96.7521374,,-236.2118853
21.820961,111.5000494,393.2113707,154.2041016,405.7691665,158.8152055,486.0063534,171.4279662,491.459106,,44.51218159,13.74096952,104.1615707,,116.021032
21.872304,107.786205,387.2226866,96.96338461,376.7097443,157.6272761,479.6833582,175.7866078,487.3150991,,15.08825361,19.69783737,105.0386032,,0
21.896097,107.786205,387.2226866,96.96338461,376.7097443,157.6272761,479.6833582,175.7866078,487.3150991,,15.08825361,19.69783737,105.0386032,,-60.04488953
21.930438,93.81742841,383.0598325,96.9321878,377.5484481,153.8756612,482.0877538,170.9812933,486.379613,,6.330646417,17.63583582,115.8167541,,256.9218587
21.956294,102.7632159,395.2253693,98.61597915,380.677362,157.1311102,483.4848462,179.2496048,493.4964737,,15.12759363,24.2788074,103.6610013,,-345.7189535
21.989426,107.9406121,395.0621656,101.9297749,380.0740972,162.917604,483.4486336,173.1789579,491.1409062,,16.14844755,12.82444703,104.0895641,,413.0708235
22.033479,133.9628488,408.7520899,179.4741762,410.2143118,155.390701,491.9489072,184.6269683,502.3205709,,45.53481102,31.02145602,85.91195062,,0
22.068695,133.9628488,408.7520899,179.4741762,410.2143118,155.390701,491.9489072,184.6269683,502.3205709,,45.53481102,31.02145602,85.91195062,,44.40458444
22.105106,132.5097466,408.4590832,175.5539237,409.1977368,151.9984953,497.81288,183.8633496,504.8760108,,43.05051441,32.63827134,91.4544276,,-493.6486652
22.127694,145.7960504,407.2755046,158.4463157,415.0958323,157.6621208,501.9172164,178.7136164,506.225035,,14.87234808,21.48773529,95.38268836,,108.2928363
22.164197,154.5374628,408.4732186,164.1608402,421.3837169,152.9574074,510.4452669,177.813241,515.8692166,,16.10249543,25.4407487,101.984289,,-574.6889423
22.187056,163.0870205,417.0134287,167.7478455,419.8584554,156.0816475,516.1755609,167.6770542,520.2905748,,5.460537208,12.30393416,99.40927378,,96.67570652
22.242474,165.9498875,420.6204782,174.3867225,426.2283028,156.4892958,518.6913683,173.8642616,521.8598766,,10.13054202,17.66150847,98.52615024,,-388.048076
22.267043,168.1626566,419.3573687,203.9180675,419.3527329,164.7700138,515.6538789,171.979876,511.902207,,35.7554112,8.12755529,96.35625513,,0
22.288933,168.1626566,419.3573687,203.9180675,419.3527329,164.7700138,515.6538789,171.979876,511.902207,,35.7554112,8.12755529,96.35625513,,0.364645328
