time,x_LK,y_LK,x_RK,y_RK,x_LA,y_LA,x_RA,y_RA,,,,,
1.267778,241.848857,419.0129879,171.8430622,418.3227824,235.4040385,510.0190753,167.5653575,511.406858,,,67.85287452,,-92.31073771
1.416454,237.9673821,419.4846258,174.3577297,418.2714464,229.0611701,506.0988798,175.3732407,512.9908272,,,54.12848328,,-5.466222475
1.48992,237.5450663,419.3546708,174.4229352,417.8769075,228.8386506,505.8564871,175.4969259,512.2783545,,,53.72690178,,1.6758235
1.545544,237.3622933,418.9753693,174.297426,417.3409761,229.0806253,505.4992628,175.6610986,512.0535931,,,53.82011779,,8.36950821
1.589774,237.6417726,419.0504165,174.1108531,417.5055098,229.3430432,505.7304839,175.5697691,512.4404563,,,54.19030113,,2.420253896
1.639341,237.6529821,419.0302392,174.1946209,417.4416342,229.4298319,505.7148286,175.4999658,512.1315661,,,54.31026586,,78.98918707
1.689747,237.3057135,419.3505289,172.2373921,420.1875608,232.474389,509.0572942,174.4838088,514.9755669,,,58.29179482,,-33.42892759
1.726578,238.0879134,420.2829371,172.6154966,421.6163439,232.188184,508.0162862,175.4021006,513.6064415,,,57.06057399,,44.23663307
1.78144,240.286053,419.7624711,173.3697866,420.702137,233.881475,505.3550584,174.8614573,512.7980606,,,59.48748415,,-13.28944043
1.826623,239.7742127,420.4813655,174.50543,420.7942075,230.6908895,506.537649,172.2528195,513.7953323,,,58.88702737,,-19.2243335
1.859788,238.9501003,420.9175508,173.698227,418.308077,231.2638695,506.6611822,173.3983615,513.3381338,,,58.24945235,,-28.21457103
1.911031,239.8538576,420.5329295,174.4649995,420.1199614,229.3833597,507.1635989,172.8694788,512.8938929,,,56.80365308,,7.965497631
1.955095,239.9416722,419.1771796,173.9507083,418.5809825,229.973439,505.8548532,173.3100339,513.332282,,,57.15464477,,133.7941882
1.991448,239.3639804,420.3110561,172.4932933,423.3713445,232.9018346,509.7889561,171.0243837,513.9687956,,,62.0184649,,-35.1905312
2.026229,239.8771127,419.4659685,172.4674353,420.3221896,232.787231,506.7588385,172.3732939,513.5505837,,,60.79450303,,-23.72358233
2.071099,235.9930539,419.4819659,171.9741952,419.477976,231.875038,506.1578915,172.7318861,514.5103508,,,59.73002589,,20.0776108
2.129826,238.5979678,420.5255958,172.8159769,418.8503541,232.4820267,506.1298866,171.8697372,512.13586,,,60.90912374,,-36.26189085
2.179995,236.7721759,420.6451772,172.3323884,419.5267282,229.9682332,508.0420112,171.2222231,514.4077547,,,59.08990094,,-54.73879323
2.219792,234.2379013,420.1983904,171.3626657,419.4087807,229.4192683,508.8606897,172.7927978,514.5490333,,,56.91146118,,44.34295154
2.278174,234.7683989,420.4065844,171.0804315,419.0681998,231.4287071,507.9651401,172.2368221,514.0153818,,,59.50029138,,-19.62827942
2.3211,233.4323322,417.6954645,171.3506771,417.7415567,230.8018832,507.4088795,172.3874103,512.7453946,,,58.65772786,,14.12843984
2.358051,235.2402268,418.9140017,170.6747781,418.0370334,230.7007311,507.5702973,171.6698079,511.7652222,,,59.17978784,,16.26931567
2.396174,235.0337047,417.9288515,170.8377158,417.4770109,231.171077,506.8856016,171.5189727,511.0890762,,,59.80002296,,-44.87988669
2.432012,235.5120303,419.0960527,171.8461401,417.8398589,232.2171389,506.8436512,174.1830314,511.1222869,,,58.19161758,,-59.79419268
2.473505,232.1576331,420.1689795,170.5926252,420.3063442,228.3351699,507.4360105,172.916711,513.1336257,,,55.71057714,,6.747239764
2.522593,233.2111427,418.800956,172.7401508,418.1074827,228.5829204,510.4077623,172.5820768,512.5495501,,,56.04178565,,37.10841024
2.567452,235.9302803,418.3040111,171.7984329,418.6860105,230.9922559,507.214289,173.7518429,514.5332639,,,57.70643183,,-53.23097629
2.606825,235.4545385,419.5197364,169.8062644,419.2510868,229.5517692,508.4785764,174.4090657,515.67702,,,55.6105686,,-22.59921557
2.651582,235.4658241,419.3003329,171.6165529,418.7096455,230.3455967,508.3870379,176.1767578,515.2279532,,,54.5990955,,14.30603359
2.711299,233.9932287,422.5018239,172.0668356,418.1026949,228.125836,507.9761217,172.8789594,512.7576681,,,55.45340891,,85.15557781
2.756366,235.8303441,418.2827699,171.0265686,417.7759454,231.6832214,506.2965102,172.7046031,512.3758968,,,59.29111534,,-69.81447129
2.81112,234.1304794,418.1359436,170.6586667,419.7072972,229.11547,508.3390078,174.1102642,515.4931071,,,55.46849378,,83.17759911
2.854363,237.5666874,419.8740728,167.1993555,422.4679292,229.5295401,508.618981,170.5865645,512.4190251,,,59.0653427,,-44.71487766
2.891447,237.5649395,420.313754,170.9074052,420.9009074,232.3674231,506.0459098,175.4323474,513.3927757,,,57.40713617,,-9.407405838
2.936592,237.6432925,419.0949128,170.8948086,418.9902268,230.2549322,506.5925568,173.5624012,512.3332244,,,56.98243884,,16.29101317
2.992217,237.2182408,419.5660567,171.0500517,420.9158788,231.5700617,507.1650049,173.8236792,511.2206651,,,57.88862644,,379.6639958
3.022115,237.7204675,419.8202289,169.8891583,420.5859755,232.9882433,506.5991686,163.8173524,509.687956,,,69.23982059,,-150.5757821
3.077229,239.0284153,418.618905,168.5814955,419.4094267,232.5959463,504.5038911,171.8354815,509.1910871,,,60.94098694,,150.7736738
3.124306,238.0392373,416.09489,166.4894288,419.948664,234.0398149,500.5367674,166.302875,506.9404335,,,68.03895918,,13.1654196
3.150943,240.7919276,414.296837,163.5331803,419.7859162,230.4999848,502.5994802,162.2121991,506.3307089,,,68.38964646,,99.43947083
3.210573,243.3485074,411.6748997,166.2461621,417.4395443,236.0317744,495.8232384,162.3591204,505.6052028,,,74.31922211,,-82.33446398
3.256415,245.2558822,407.6325769,167.838168,416.4664017,239.0764075,491.7524547,169.7683799,504.9043577,,,70.54484561,,245.651041
3.287234,240.8271142,392.3299945,171.2083726,431.798053,237.9777937,487.0765823,161.5482695,503.2187424,,,78.11556504,,46.36304236
3.327693,244.2865394,389.42626,171.4144767,427.4860925,238.5633132,481.1098614,161.2158773,501.5057682,,,79.99136737,,-23.8838699
3.352803,245.8373738,397.9510047,172.8520185,419.3540628,238.0546267,476.9503891,162.681633,501.8892115,,,79.3916434,,93.35003805
3.404862,248.5126991,399.8155551,165.8742704,420.5851015,244.5435615,471.8878435,164.661433,498.6672392,,,84.25135303,,-127.5688764
3.435777,249.6659168,397.2552514,165.7013581,418.7851487,240.0711713,473.204417,164.1177499,499.2885533,,,80.30756122,,118.2198422
3.490327,248.8438944,373.959144,163.1273749,418.9630958,241.8804338,473.1020489,158.5517236,497.2476137,,,86.75645361,,0
3.52034,248.8438944,373.959144,163.1273749,418.9630958,241.8804338,473.1020489,158.5517236,497.2476137,,,86.75645361,,-233.0458785
3.557454,243.126292,385.3845452,170.8955876,423.9517723,238.0057606,478.1526249,162.9737278,499.8534776,,,78.10718888,,-284.5375877
3.602268,243.9678456,403.8728113,169.9807917,411.7508968,230.5789078,483.4773605,167.2363661,499.5745303,,,65.35592142,,-95.33020181
3.637506,240.6743221,411.0704949,170.9719647,417.6837989,226.0423,488.1485591,164.8385252,498.0321696,,,61.99667577,,-60.08659577
3.665411,237.7176936,412.3642692,166.9257281,416.2705952,225.7375137,493.3185646,165.6683183,498.8130396,,,60.31995931,,-187.07964
3.704814,237.7959326,417.1685387,174.7236176,416.8806998,229.3616625,502.4784548,176.6712138,507.6991884,,,52.94846026,,-81.05160092
3.730999,234.8578855,418.1379195,171.8099085,415.0568838,229.193785,505.1874468,178.6178601,510.2243814,,,50.82612409,,-107.5840347
3.768807,232.0690965,423.7403484,171.3878017,417.3424201,226.3073398,506.9149745,179.7344282,511.0778286,,,46.7585869,,60.1764361
3.795708,229.6301982,418.0284457,167.5816019,419.3006749,224.9182651,512.44855,176.5455147,511.7783317,,,48.37739321,,134.1451907
3.829864,228.5535475,417.6199614,167.3627493,418.6955481,228.4930159,508.1057727,175.806861,513.4771705,,,52.95925634,,-238.52776
3.855793,228.9950146,419.1220057,170.4530946,419.8392282,224.6150368,511.0540415,178.0057986,514.9821407,,,46.77447005,,181.7553064
3.891963,226.2153453,422.4963901,173.5313374,417.9814795,225.5130943,507.5316528,172.2030034,509.557241,,,53.34855949,,-172.8339291
3.931499,224.1509226,416.0749027,170.9333392,419.0453627,221.7855894,505.2841531,175.2797643,506.2277709,,,46.51539727,,265.3714673
3.95927,227.2117811,414.5489573,171.1819636,414.4398635,223.3026812,504.3394334,169.4237901,505.1526781,,,53.88502828,,-104.240619
3.995442,227.2457138,413.4743966,170.4889652,410.9327122,220.7409715,500.2365789,170.6486731,498.7471501,,,50.11443661,,83.13970109
4.019723,233.048129,412.7218735,174.3309217,408.2400216,224.9890184,495.4869893,172.8630761,494.6200146,,,52.1331517,,187.4761975
4.054477,233.1945753,411.5232475,175.0139645,408.2072288,227.1570252,494.4871717,168.7125904,489.5965695,,,58.64869947,,0
4.082274,233.1945753,411.5232475,175.0139645,408.2072288,227.1570252,494.4871717,168.7125904,489.5965695,,,58.64869947,,-468.0630006
4.122824,237.474579,412.4826727,183.3197425,404.53068,230.806633,495.6888375,191.6273635,489.4764181,,,39.66874479,,-717.7998601
4.159398,236.6853873,411.7412451,180.936854,402.3807606,228.9124058,494.844244,223.1388695,506.954303,,,13.41593271,,282.9580106
4.186791,238.2717504,410.4749438,184.5167726,400.3484846,232.2783165,493.2934475,211.1221729,492.6155536,,,21.16700149,,0
4.21585,238.2717504,410.4749438,184.5167726,400.3484846,232.2783165,493.2934475,211.1221729,492.6155536,,,21.16700149,,490.5939554
4.25209,237.6958065,414.21989,183.1702183,407.5463202,232.8291054,496.6322653,194.8832305,487.8623541,,,38.94612644,,682.354191
4.290318,237.0650307,411.4986625,179.0384849,406.379727,238.5239467,497.6912087,174.0286433,489.3600666,,,65.03116245,,0
4.319172,237.0650307,411.4986625,179.0384849,406.379727,238.5239467,497.6912087,174.0286433,489.3600666,,,65.03116245,,-136.4292667
4.356601,234.5711865,413.307241,179.0015503,406.8281858,235.3340832,497.7472565,175.6418334,492.473629,,,59.92475142,,-212.2671435
4.386532,235.2283712,413.85385,179.5071969,408.3257083,235.0455603,497.4265488,181.6089342,493.6291646,,,53.57138355,,-128.7573423
4.434871,236.1264667,417.420925,179.8651812,412.3546936,228.6691011,505.8724465,181.3219312,506.0142951,,,47.34738238,,-59.15945356
4.490829,237.1711226,420.598819,178.4560813,416.9085147,225.1420005,509.1169519,181.119817,510.2567941,,,44.03693768,,95.96008726
4.53783,240.1188214,419.8905262,175.8368229,418.4618951,228.6045796,511.1357764,180.0579478,511.3617537,,,48.54715774,,123.0911849
4.58162,241.795697,417.2429399,172.1542323,418.4049353,227.7447106,507.2852702,173.8207343,508.4849982,,,53.93732073,,0
4.623175,241.795697,417.2429399,172.1542323,418.4049353,227.7447106,507.2852702,173.8207343,508.4849982,,,53.93732073,,342.254312
4.666817,238.5721288,416.3858068,161.4501573,417.7202395,232.0215224,507.0549231,163.1531379,506.1767388,,,68.87398341,,-124.9577787
4.706218,237.4498799,412.292262,164.0295553,414.4204083,229.7582153,501.1302666,165.8220224,502.4839646,,,63.95052197,,330.7698222
4.742519,239.1625882,411.8972671,164.1479967,416.0785506,236.5951407,496.118639,160.9592732,503.1045188,,,75.95779729,,-243.0704867
4.770275,238.698778,406.7585345,166.8791798,413.5893422,231.3920005,490.8111169,162.5262,497.7163637,,,69.21113286,,108.8704171
4.798166,241.9553289,403.2526371,167.0100468,411.3414245,233.1703323,488.1121565,161.6607072,498.412383,,,72.24763766,,-12.03364784
4.833365,239.4394075,401.8957852,169.4867537,414.3545948,232.6100058,489.2166981,161.2114125,497.0229283,,,71.82406529,,116.5459341
4.871968,238.984603,401.8731001,170.5969761,417.4269668,237.3040415,481.4607399,163.6523058,501.4766233,,,76.32308799,,-1080.209614
4.89785,240.8488874,404.1578763,159.8311725,416.1675812,172.1050622,503.8920005,213.280908,478.5201088,,,48.36510277,,964.4101356
4.933022,238.0314856,403.2918136,159.9707031,416.4293151,236.8196361,470.8182986,161.8640184,504.7672589,,,82.28533606,,-55.99962568
4.957871,242.4059916,402.5329447,163.0024357,414.4508071,235.6372355,469.608121,160.57317,499.7609512,,,80.89380136,,150.3631126
4.993194,243.2756262,401.6255016,163.0650763,415.4965269,241.4988904,468.9987384,160.9194697,499.6299702,,,86.20507759,,-0.756169114
5.019917,246.6161919,399.7037254,160.1723804,415.6887236,242.553312,470.7758162,161.8143733,500.9263664,,,86.18487048,,-130.610934
5.0551,242.3484998,400.3819993,169.5934916,417.5682454,238.7665674,476.0181709,162.0786912,503.8718993,,,81.58958599,,-6.074219752
5.092262,242.1990516,401.7120623,169.0404608,422.5188853,240.0949964,478.7649334,162.578619,503.489178,,,81.36385583,,-356.2503023
5.120228,239.9855226,402.4289807,170.6601866,422.0536311,231.4560281,479.5023711,162.9251277,499.5426496,,,71.40095988,,-129.5548539
5.156495,240.207472,407.3557575,170.5778248,422.7969586,230.4861153,481.3623997,167.0214464,501.8915294,,,66.702394,,0
5.183256,240.207472,407.3557575,170.5778248,422.7969586,230.4861153,481.3623997,167.0214464,501.8915294,,,66.702394,,-170.6881747
5.21866,239.2667802,413.6153332,167.5288599,417.8992507,229.1254256,491.7787877,170.1532671,505.9858721,,,60.65934986,,-63.08316576
5.25036,235.1477763,413.0539807,169.8385632,413.8398286,226.1022237,496.3615637,167.8002075,502.8288014,,,58.6596135,,-46.2287001
5.291061,235.6408454,418.7853006,166.9680774,416.9141005,228.0963871,506.3737232,171.4183335,509.7421419,,,56.77805918,,91.56687886
5.316886,234.7436998,419.5801161,166.0336743,418.1712822,227.5421784,504.9887144,168.5728888,509.5153666,,,59.14277383,,-56.09091879
5.356231,235.6016689,416.1934962,165.703467,420.0086257,230.2568321,505.4744878,173.7218241,512.2188868,,,56.93587663,,-122.0460181
5.388714,233.6501398,418.0133603,166.0310904,421.1400702,230.1287011,502.9084843,177.6658636,510.2314491,,,52.97145582,,-58.19685286
5.429173,234.7514515,417.3370623,169.8587214,421.2107095,226.9083627,503.097869,176.8569317,510.6425173,,,50.61686935,,58.36862691
5.455846,236.8635624,417.2321863,174.0120379,419.1761536,227.1688807,502.1514774,175.7426625,510.9516355,,,52.17373574,,83.93777842
5.489276,237.2425219,418.0844556,172.8957168,418.2357657,226.5338491,501.5564582,172.0668926,509.0482125,,,54.97977567,,-56.48705439
5.515015,233.0519668,418.2438594,172.1173927,416.4112278,224.2562166,501.0625152,171.1844335,508.019744,,,53.52585538,,-67.24742309
5.552234,235.6200602,417.6517282,175.1708034,414.1446908,221.8866656,503.1660764,170.9413569,505.9802104,,,51.02297354,,59.49840764
5.593857,234.9119194,415.9442637,174.9492339,410.4358433,225.25915,499.2095164,171.927837,503.4480256,,,53.49947576,,-14.90798534
5.621885,235.285825,415.2447106,173.4393809,408.1586667,225.1794291,499.2619923,172.1026683,499.9813047,,,53.08163475,,88.79879553
5.656789,236.3456803,415.0196072,167.524794,409.6907299,226.6622082,496.5530384,170.5029487,494.9878025,,,56.18106791,,-116.4267837
5.684224,236.4177636,414.5603949,168.8305569,409.4286919,225.9741686,494.3856396,173.0370714,492.0888558,,,52.9868991,,0
5.72304,236.4177636,414.5603949,168.8305569,409.4286919,225.9741686,494.3856396,173.0370714,492.0888558,,,52.9868991,,364.9479415
5.746589,237.7941847,414.7861822,168.3059681,407.9340193,232.3385062,491.7251338,170.8940867,487.6251292,,,61.58105817,,14.17204877
5.784083,234.7334782,409.5997614,167.4081575,400.6118525,236.302666,490.7880517,174.8332054,481.874088,,,62.11242497,,-58.30443405
5.818635,237.1904639,410.183419,168.4094001,399.5794701,234.4727322,491.2692273,176.301317,476.1747629,,,60.09789016,,-423.5406849
5.851203,237.7941087,410.964631,173.906801,401.9350377,234.9837366,491.3169914,190.285559,479.2283636,,,46.30401714,,182.6316827
5.882175,236.3617157,411.6446908,171.0361442,403.4988296,233.9096319,494.2655262,183.8690874,480.2713856,,,51.96048561,,85.68113413
5.923778,237.0752903,411.8908074,171.3506581,402.5294869,237.4591896,491.7801176,182.6451924,482.9223538,,,55.52507783,,157.2845869
5.97688,241.4636278,412.2629651,176.3311079,403.2990333,243.0584646,493.6437941,179.1947729,492.3299945,,,63.87720397,,4.765879514
6.015941,240.2709676,414.139751,177.8729747,406.5691877,236.4467184,494.6129469,172.4120524,492.6956165,,,64.06336399,,-155.5168535
6.046753,238.0133223,414.114862,179.8127812,411.6358372,234.4496671,497.1158348,175.2271933,494.7036494,,,59.2715787,,-122.5925868
6.084968,237.5034579,414.5275261,179.6772784,410.7755882,232.76048,500.3843932,178.1931314,501.8378754,,,54.58670299,,135.023408
6.107594,235.2148058,414.3553548,178.568994,410.9354861,230.1752493,502.0216364,172.5965163,504.7160749,,,57.64174262,,-49.27234668
6.144998,236.6709098,418.3969176,177.317398,415.0451423,228.7385624,505.7749042,173.3200085,512.2776325,,,55.79875977,,23.79412856
6.179228,240.1679536,419.558191,174.999392,418.1420233,231.9495151,505.1999103,175.8005153,512.4350985,,,56.61323279,,-37.81170945
6.223322,240.7953855,419.2293136,173.1630745,419.1763816,232.0893878,504.2589905,177.7272503,512.2475377,,,54.94596327,,0
6.246887,240.7953855,419.2293136,173.1630745,419.1763816,232.0893878,504.2589905,177.7272503,512.2475377,,,54.94596327,,3.442764313
6.288563,235.7614148,421.7326195,168.8996003,418.1840877,229.6680447,505.2765154,175.0325837,512.3343644,,,55.08944392,,116.6488554
6.318264,237.9563625,417.889979,170.6989642,418.9523802,225.9313822,507.6792771,167.6585489,513.410901,,,58.55403157,,107.0158539
6.373648,237.9820495,414.89596,169.2491298,417.1425097,230.625456,500.9060752,166.2439012,504.4858037,,,64.48099762,,266.7709437
6.400477,240.2939567,410.0558579,168.4929969,415.7185904,233.6385123,491.6897191,162.5414184,500.4780216,,,71.63819527,,28.50731881
6.435693,241.6035764,407.0460694,164.3275398,417.6177955,235.0483341,487.5908165,163.3138907,499.0383329,,,72.64210901,,91.55956569
6.462554,244.193785,402.4854086,165.0436223,414.9840786,233.5101152,485.6049368,159.3472231,497.4412923,,,75.10149051,,-2.591026654
6.500025,241.5121139,401.379043,169.9863585,418.6875304,233.6630593,480.2468005,160.4844624,496.6953049,,,75.00440215,,-47.27533195
6.536146,241.0457578,404.8097413,170.5922643,420.8684187,231.928008,479.2296176,161.8723781,500.7847839,,,73.29676988,,328.5712852
6.56196,240.938754,402.3315905,168.4002614,421.9212822,239.4221182,476.1312926,161.8002759,501.8718081,,,81.77850904,,-168.0797499
6.596297,239.5361898,400.4550705,171.1283477,417.2514895,233.0274197,476.2291008,160.9163158,500.2515123,,,76.00715466,,-185.0164405
6.620236,234.6660688,402.6279791,171.0330473,418.3544732,229.036053,474.3549748,161.1262958,496.9753541,,,71.57804609,,135.2111008
6.655301,234.3159503,403.7651994,171.8725491,419.8144531,231.641347,471.3974343,160.1423805,498.0905353,,,76.31922334,,0
6.682091,234.3159503,403.7651994,171.8725491,419.8144531,231.641347,471.3974343,160.1423805,498.0905353,,,76.31922334,,43.70009659
6.722531,237.9768817,403.1402374,175.442968,418.281402,234.297977,472.9552985,161.0202038,499.9342245,,,78.08645525,,-272.2244273
6.757789,240.3549824,403.1282299,174.5643467,415.7723203,227.266309,477.1531873,162.4668653,499.3272358,,,68.48836639,,15.25040011
6.78462,244.7026234,402.8829873,173.9172696,415.7635047,228.204303,478.151181,160.6303768,491.5913029,,,68.89754987,,35.57754223
6.818796,239.3010928,407.3840285,167.056481,413.6790567,229.5812181,486.1121793,160.2527473,496.5744315,,,70.11344796,,-17.66216027
6.844708,237.9646462,411.8847656,169.6368289,415.4353493,233.8712153,492.6842169,164.6433267,500.3931709,,,69.65578606,,-128.7626839
6.884169,237.9310934,412.7453186,168.9357749,413.8454143,232.9221638,496.2258709,168.7021218,502.9842534,,,64.57468179,,-111.7415592
6.905842,237.682925,416.56231,168.2957464,415.3785035,232.1393179,504.1040704,170.1487263,508.59299,,,62.15290698,,-66.88782295
6.944194,237.2326803,415.6727262,168.6022047,415.7863418,232.4103994,503.0862795,172.9502257,506.9815099,,,59.58762519,,118.5492289
6.983984,234.6998115,419.5641187,173.0407382,417.2010275,234.7296404,506.1326985,170.7236822,512.3239528,,,64.30469901,,0
7.022397,234.6998115,419.5641187,173.0407382,417.2010275,234.7296404,506.1326985,170.7236822,512.3239528,,,64.30469901,,-522.3038115
7.046049,241.0202988,419.2112643,176.1002288,417.7571361,229.036357,508.1682043,177.4018688,513.8956484,,,51.95116926,,71.10463089
7.084494,236.1080754,418.7427803,178.1683183,417.2741367,231.2824508,506.9250821,177.0486723,513.9338749,,,54.6847868,,-20.17177283
7.120744,235.5168942,417.8027344,177.9013786,416.3442744,232.1832822,506.9882357,178.5852193,513.1716242,,,53.95356003,,47.49445693
7.147545,236.9855758,418.2757022,177.3093233,415.8116108,234.2819796,505.9302803,179.7530095,514.6797483,,,55.22645897,,9.874706504
7.180759,238.7045537,417.6259272,176.3182644,414.3176982,236.0085193,504.8257007,180.6568048,509.5673486,,,55.55443747,,-144.3188567
7.205595,239.7170629,417.2160369,175.8201985,415.5599085,233.5009196,505.5745379,181.6220437,508.6530277,,,51.97013435,,72.74055532
7.258074,235.6491671,418.9628678,180.207054,405.6066467,238.7526219,497.5940464,182.9668501,497.1567212,,,55.78748595,,0
7.28587,235.6491671,418.9628678,180.207054,405.6066467,238.7526219,497.5940464,182.9668501,497.1567212,,,55.78748595,,-23.49447985
7.311775,236.6900611,418.7472641,180.1179095,402.9344753,238.2955754,493.9902268,183.1310418,492.7328551,,,55.17886145,,214.7211565
7.346912,238.7370805,410.8669747,179.4820039,398.489064,240.9927879,490.2166297,178.2909586,488.567265,,,62.72351873,,-311.2354671
7.385388,239.141841,412.9584144,183.3179566,397.1598751,241.7991169,490.6810858,191.2101395,486.6614102,,,50.74842289,,-125.2806704
7.408955,238.4424398,415.312538,184.582586,401.4106578,240.2044701,491.3829569,193.0552347,483.5470878,,,47.79593333,,-370.7690348
7.446613,240.1012661,418.567379,182.8028104,401.8123024,240.6264059,493.0173121,206.7938351,492.7648118,,,33.83351302,,607.7533667
7.478243,241.0974359,413.9400307,184.3868935,399.3509849,243.4687348,491.2103675,191.0554095,482.9725119,,,53.05675201,,-225.611063
7.512452,241.6194978,410.2894729,183.8997143,398.3049991,235.1285491,497.8691558,191.6999787,484.8473219,,,45.33882316,,2.850456606
7.53738,241.9431314,408.6287847,183.1867096,397.5440023,233.8721653,498.0115744,188.931671,491.4993464,,,45.40987934,,618.7092098
7.570698,241.8461591,406.7103143,181.7042346,394.7333262,245.0358706,491.1435281,179.0122659,491.381285,,,66.02403279,,-54.01885082
7.616555,235.5859755,415.1508542,181.7839555,402.8556663,239.9547057,491.3943945,176.5424558,495.5288637,,,63.54689035,,0
7.650769,235.5859755,415.1508542,181.7839555,402.8556663,239.9547057,491.3943945,176.5424558,495.5288637,,,63.54689035,,-217.8645764
7.676623,233.0048486,417.3211029,182.5136035,406.3218552,239.1191938,496.7021446,181.2309247,498.4356761,,,57.91421959,,-324.2633046
7.7099,234.2471349,420.0015199,185.573094,410.2971106,235.8247203,499.3349115,188.8191953,502.6702715,,,47.1237096,,129.9760838
7.748367,234.870577,422.7285232,183.8139515,412.2675249,234.8541236,501.9772541,182.7748434,504.1238296,,,52.12349962,,-183.9351316
7.76992,240.0462442,415.3945768,181.9160004,415.4379712,233.176488,507.0504393,185.0488281,508.7916084,,,48.15914573,,81.03374318
7.824565,238.7215391,417.0348219,180.6470772,419.2827015,233.0085725,510.6470012,180.4621383,512.7181116,,,52.58723462,,0
7.848206,238.7215391,417.0348219,180.6470772,419.2827015,233.0085725,510.6470012,180.4621383,512.7181116,,,52.58723462,,-9.852385462
7.885658,236.5678198,417.7747295,180.6918394,419.5465634,233.3122568,508.360515,181.0963719,508.8567759,,,52.21824308,,35.12380303
7.908256,236.900459,416.0521796,180.2974906,420.4759697,232.2745547,508.3219464,179.452555,512.8058503,,,53.01197078,,-22.59772228
7.946742,242.4346045,416.8812698,177.2594882,417.0199644,231.3581438,505.2432287,179.4233721,509.8904122,,,52.14227485,,-13.71946275
7.980932,241.7363053,410.467914,176.8641134,417.3277906,229.4826879,502.0538591,177.8183518,503.0112704,,,51.67320641,,701.0481161
8.00776,247.2792665,406.3053639,175.9307363,416.5857551,238.4572972,498.0414412,168.5439339,506.9679444,,,70.48092527,,-197.0803777
8.04761,246.2141674,401.5378769,174.191828,416.5410308,234.6960117,490.5621124,173.0328535,501.5088081,,,62.62727222,,0
8.084975,246.2141674,401.5378769,174.191828,416.5410308,234.6960117,490.5621124,173.0328535,501.5088081,,,62.62727222,,209.23791
8.119272,246.8083506,391.1855545,171.4267882,409.6142388,240.9221486,487.7960846,172.4899874,501.5644759,,,69.80350482,,-326.6924027
8.145051,251.4113418,389.922521,170.5410802,406.9361017,229.1015625,485.9595012,169.6024973,501.0450739,,,61.38170137,,-465.6298093
8.182669,250.2928168,399.1651721,173.0932142,413.9479724,172.5135845,499.3120364,210.9929399,478.2518011,,,43.86563921,,-1035.217457
8.205182,249.6654608,391.8190661,172.3047065,409.2993069,231.3508481,466.5403089,211.30221,471.0962959,,,20.5597886,,195.1961199
8.256609,252.1721106,394.166388,174.3647024,409.5779122,232.2674869,462.0203824,202.8758436,470.5278757,,,30.59813946,,-12.44289072
8.284362,250.2895489,393.9108858,171.9905536,406.3980043,233.3999954,465.1956545,204.1164579,472.7921708,,,30.25281191,,0
8.322852,250.2895489,393.9108858,171.9905536,406.3980043,233.3999954,465.1956545,204.1164579,472.7921708,,,30.25281191,,427.5372763
8.346437,249.4438534,376.2850347,173.1984892,408.9452745,237.1412938,470.4146781,196.8995851,473.1751581,,,40.33627857,,15.49817748
8.383929,249.0675158,387.0744543,175.5842086,411.3440464,235.3349191,480.0813549,194.4982673,482.6496763,,,40.91733624,,935.6806724
8.414691,245.9689248,396.5962807,173.9336849,410.9956378,238.7514819,491.7097063,171.1937432,508.8603858,,,69.70074509,,60.2230497
8.448201,242.995273,401.8356335,174.1599473,409.3601426,241.0690889,493.2587549,170.365147,505.2813032,,,71.71881948,,-85.05828998
8.474857,240.052628,406.0118251,174.1842853,412.0437135,240.6836697,492.5859147,172.2785635,504.5964555,,,69.4515057,,0.498061508
8.510238,248.1069127,410.5577426,174.4055318,411.0481897,241.5438047,490.5767419,173.071992,502.3057895,,,69.46912762,,-165.1592243
8.548468,245.1114497,415.9176648,174.3330116,412.8859132,238.333878,499.269858,175.6443033,506.9237901,,,63.15509047,,-136.5320621
8.571045,238.9789032,416.4524182,173.2423585,415.3332092,238.0248738,501.8662223,178.4743776,509.7691589,,,60.07260611,,11.39782675
8.614078,240.1347048,418.5784746,176.8713711,413.8610697,239.713491,506.3166114,179.2426131,509.6573672,,,60.56308879,,0
8.649313,240.1347048,418.5784746,176.8713711,413.8610697,239.713491,506.3166114,179.2426131,509.6573672,,,60.56308879,,-114.4573193
8.685775,241.5639059,418.5290005,180.1175295,415.1650277,239.9974161,504.3350635,183.8612977,509.6773164,,,56.38974601,,-43.94846248
8.710648,244.1858053,417.3123252,182.6705754,413.3645428,239.6670948,502.9783256,184.998936,511.2914564,,,55.2966159,,82.19829063
8.751088,239.5920477,415.1840269,181.3818929,413.6565236,240.4661281,503.0933472,182.1136688,508.6950161,,,58.62071478,,-39.05267961
8.777607,240.0477262,417.0460314,180.6751201,415.2214935,240.5923593,506.3082518,183.0851395,509.3017008,,,57.58507677,,119.8674952
8.81087,241.9403575,416.4174596,179.3276158,411.2477961,240.7228842,505.3239756,179.3655004,510.4631262,,,61.57222926,,-176.2954077
8.836702,244.9250289,414.9762129,181.5602581,405.3180858,240.0164534,502.3645352,183.0626824,505.0736412,,,57.01816628,,40.57708947
8.888145,245.1701575,408.8120136,183.1916874,398.6046176,237.6119057,497.3117932,178.5602733,494.7872082,,,59.1055735,,0
8.914984,245.1701575,408.8120136,183.1916874,398.6046176,237.6119057,497.3117932,178.5602733,494.7872082,,,59.1055735,,275.8656719
8.950148,242.8603402,409.9802028,183.0952471,395.2037102,244.2571665,490.3207837,175.4585284,489.3065266,,,68.80611399,,-51.74818158
8.976051,241.4038941,413.7544838,183.5626292,395.7235302,244.480066,491.3943185,177.6596889,482.0854359,,,67.46568084,,-518.4233098
9.0122,243.8064278,416.0777526,188.4262904,397.4274228,238.4963217,497.6857369,193.4463157,479.1212077,,,48.72519661,,787.5663757
9.049716,244.1257676,415.2027982,186.9980393,396.2857946,240.2551982,498.6575875,170.5392373,463.0750319,,,78.27153676,,-1040.582661
9.072276,244.3827137,415.4850134,188.645618,394.2031326,240.5256338,499.6914518,191.2929384,475.6343856,,,54.79599192,,9.360509635
9.110723,246.5524684,414.1278195,188.5002736,389.8318945,240.363912,496.6873252,189.6199766,475.0719692,,,55.15587543,,38.52690959
9.149561,247.2701088,420.5683822,188.9136597,399.7796845,240.6990592,500.4895732,187.9074964,479.9342625,,,56.65218355,,0
9.188041,247.2701088,420.5683822,188.9136597,399.7796845,240.6990592,500.4895732,187.9074964,479.9342625,,,56.65218355,,-2.675375026
9.210687,243.9695176,412.891043,184.5198884,399.452897,238.0171981,498.6696331,181.8628405,491.6484527,,,56.59159701,,-0.559873217
9.249108,243.3027952,410.677248,185.3038363,395.5694081,235.9437318,498.1406934,179.5428016,493.7692273,,,56.57008612,,-158.829201
9.275947,244.0341151,411.6493647,185.7534351,396.172825,237.0038151,499.1635381,184.7931359,495.9862141,,,52.30726919,,-109.8889221
9.310229,239.7218507,415.3684339,185.807469,403.1461272,233.7224891,505.4336013,185.4066984,500.7729663,,,48.54005716,,143.8553204
9.338057,241.5345711,419.921305,187.7247234,410.573398,232.8877371,508.0375654,180.4519926,504.6779244,,,52.54326302,,105.8907354
9.372168,241.9945054,415.1958065,190.1717154,409.9463841,236.4675796,507.343522,180.31231,507.2832943,,,56.1553019,,73.87473614
9.415211,240.3352991,415.077973,179.4134545,415.9912679,238.2443914,507.8178958,178.9244893,509.1604222,,,59.33509217,,0
9.449506,240.3352991,415.077973,179.4134545,415.9912679,238.2443914,507.8178958,178.9244893,509.1604222,,,59.33509217,,-163.0497776
9.486902,250.911737,419.271302,177.2249096,416.2877326,228.9659837,508.8257311,175.7333908,509.5618768,,,53.23768268,,384.2652974
9.510512,238.0122203,416.8279958,176.8199021,417.7038242,238.17778,507.2167589,175.9562143,510.5388193,,,62.31018635,,-28.30155914
9.547102,241.563602,417.0190525,175.2048311,415.858501,236.6268315,505.0819629,175.5291677,509.7355682,,,61.2746323,,-255.1413765
9.568589,241.7888193,415.3866352,174.6252964,415.2305371,233.6343704,502.733691,178.0235439,507.2313503,,,55.79240955,,222.6915762
9.605001,241.0055554,414.6653089,172.0595209,415.2118799,237.7638999,499.0731396,174.0957487,504.5239543,,,63.90105522,,52.74567167
9.640231,242.1325921,414.3458551,169.6957457,418.1717382,236.1661372,502.7010503,170.5101114,506.3847808,,,65.75928523,,164.9000362
9.667135,244.6838521,412.3601654,168.3186976,417.7310311,238.54154,494.7451058,168.8124506,502.8258375,,,70.19575581,,23.23723597
9.691967,244.0276553,411.8607505,165.8015032,419.0333551,237.4308807,490.9094571,167.6426465,502.6733493,,,70.77278285,,-41.42253715
9.725153,243.5531296,410.4258116,166.797407,416.5746595,232.6414306,490.6647085,164.4821559,503.7189932,,,69.39813453,,123.2194979
9.761652,242.3529836,408.2755122,165.8459235,418.1897875,238.0040886,486.1104694,166.1129203,503.2045689,,,73.89552299,,-1.475467846
9.783177,244.4090847,403.9567121,165.8140047,417.3207229,236.5064142,480.5055326,165.3351851,500.2669018,,,73.86376354,,7.74448525
9.821608,242.6492203,404.1874772,168.1173623,412.9401751,237.0128207,480.208688,165.9588552,501.4512403,,,74.16139185,,0
9.85586,242.6492203,404.1874772,168.1173623,412.9401751,237.0128207,480.208688,165.9588552,501.4512403,,,74.16139185,,15.36394978
9.882693,245.4842534,403.5228067,169.0550333,413.0124103,238.1628465,477.213415,167.2800264,500.3835573,,,74.57365272,,-96.64691185
9.916914,244.2589525,402.8928669,165.0675234,412.6922346,234.532086,478.0184141,166.5820502,499.505107,,,71.26629875,,43.65949441
9.941767,243.8106457,403.7064537,165.1418296,415.2750334,233.7166753,475.2176936,166.5257364,502.0523392,,,72.35136816,,201.6798996
9.97694,240.8486214,385.9732186,172.5732042,410.8396158,242.8496626,477.4153013,166.6911061,500.0292589,,,79.44505527,,-102.0188252
10.018031,236.953391,395.7221243,167.6150976,413.7477201,243.359793,487.0421556,169.7967458,502.9006566,,,75.25299972,,0
10.051213,236.953391,395.7221243,167.6150976,413.7477201,243.359793,487.0421556,169.7967458,502.9006566,,,75.25299972,,-191.3988483
10.077052,249.4579888,407.3223948,170.495881,414.270238,240.6881156,493.3043151,171.3736093,505.078695,,,70.30744488,,-6.913337375
10.111419,246.7224359,410.521188,170.8870379,414.9275368,239.6570252,494.9273848,170.1336979,503.6618814,,,70.06985422,,-184.3838202
10.136068,244.0907709,417.3451179,169.2224929,416.8891735,236.3991443,507.1425097,170.9727436,510.7353858,,,65.52497743,,-215.6768587
10.188551,241.1078095,418.5049854,175.078315,416.2022738,234.0471106,504.6860181,179.894972,507.0930736,,,54.20560885,,0
10.21537,241.1078095,418.5049854,175.078315,416.2022738,234.0471106,504.6860181,179.894972,507.0930736,,,54.20560885,,-13.7381655
10.248611,239.5614968,419.1249316,173.8716713,418.4150429,239.3919853,504.5504013,185.806747,508.7421343,,,53.74893849,,-113.0843984
10.276507,238.1370835,420.1368327,175.9465437,417.0591409,236.0758527,506.4226274,185.547673,509.0091121,,,50.59433611,,121.341198
10.310617,239.9545917,418.7485181,175.7882607,417.8598082,237.6103858,506.4374468,183.0179961,510.3621641,,,54.73328438,,-91.53431764
10.348198,243.0490029,420.3522845,175.6560638,417.8675979,234.2403712,509.0147358,183.0558047,512.3533256,,,51.29333319,,288.3922161
10.36887,242.4060676,418.0558807,178.7536289,414.7596592,233.3690646,503.6687591,176.119361,504.4458293,,,57.25497708,,-14.84999178
10.414727,244.0999286,417.9454569,177.8471927,415.7727383,238.7975362,499.7008755,182.3790886,503.8932925,,,56.57400101,,86.27583401
10.449141,243.4519774,418.696726,177.6188404,414.452023,242.0194325,499.3886415,182.8091561,505.6754241,,,59.54309756,,0
10.48651,243.4519774,418.696726,177.6188404,414.452023,242.0194325,499.3886415,182.8091561,505.6754241,,,59.54309756,,-18.9356652
10.51001,242.474693,417.4543258,181.353432,412.1525033,240.8505593,495.6608326,181.9669185,500.6910795,,,59.09810943,,-161.3901211
10.547455,245.8999574,416.2143194,185.6204782,413.1322197,237.8305493,497.7304232,185.1255472,491.6476167,,,53.05485634,,209.2432577
10.574214,247.396074,418.5314324,182.2509956,412.7729435,239.9984041,496.0535095,182.7159457,483.4435418,,,58.65399667,,160.0029313
10.608492,244.7699568,417.0779122,187.4724891,407.6164275,246.2990941,488.2373997,182.5116276,481.535445,,,64.13857715,,-173.5052003
10.648353,243.2412375,416.2631855,189.1482627,403.0026827,242.7261673,499.5392677,191.5979526,473.8426024,,,57.22248637,,0
10.685782,243.2412375,416.2631855,189.1482627,403.0026827,242.7261673,499.5392677,191.5979526,473.8426024,,,57.22248637,,38.42431835
10.720033,246.0814385,416.7901113,190.4287375,404.4186223,243.0684582,499.9011278,190.5015427,474.1429809,,,58.53855769,,-116.0598002
10.746844,245.5402253,413.8945085,186.2159153,397.1464996,240.4398711,497.2526295,189.037307,476.5182317,,,55.42687839,,-62.82635899
10.771749,244.9192911,410.5506369,183.7222611,398.0637844,241.1323185,492.8431268,188.8574219,479.8635092,,,53.86218792,,-4.874737385
10.805209,242.4876505,415.8397298,185.6853417,408.5196148,241.8555447,499.8871443,189.1636901,489.5353538,,,53.69907921,,-26.27059518
10.857706,242.0944416,415.8478234,185.105256,408.9988524,237.6937166,503.9197015,185.3882691,502.6878268,,,52.31995177,,0
10.886261,242.0944416,415.8478234,185.105256,408.9988524,237.6937166,503.9197015,185.3882691,502.6878268,,,52.31995177,,119.36326
10.924988,242.7887889,416.3680235,180.4129301,417.1662588,239.3655384,504.1419549,182.6016841,508.6493799,,,56.94253274,,0
10.9484,242.7887889,416.3680235,180.4129301,417.1662588,239.3655384,504.1419549,182.6016841,508.6493799,,,56.94253274,,4.125385711
10.985862,243.1839737,415.8042011,180.7386156,417.1819522,239.2997629,507.0925036,182.3355423,510.9853022,,,57.09707794,,51.26044447
11.009637,249.0822592,420.0462062,177.9535126,416.8857536,237.8034943,504.7425979,179.7185448,509.9262828,,,58.31579501,,-56.09110396
11.047854,249.4331758,420.0460922,177.4703991,420.0552499,237.8162999,504.8284746,181.9646006,510.8200845,,,56.17216129,,22.2938655
11.073594,248.6140032,419.6381779,175.5122583,417.5597337,238.9751794,502.734109,182.6602398,509.7152769,,,56.74600539,,71.57258544
11.107789,242.6936026,414.8090953,175.6437143,415.8838081,238.3742704,500.6327137,179.4888816,506.6637281,,,59.19342995,,153.4241316
11.147692,244.4505791,410.2789853,173.7699492,416.0004636,239.5361898,502.473059,174.4766081,508.2494832,,,65.31551307,,0
11.186141,244.4505791,410.2789853,173.7699492,416.0004636,239.5361898,502.473059,174.4766081,508.2494832,,,65.31551307,,-235.231934
11.21938,241.2632235,413.542528,172.8603402,415.7888497,233.9565601,506.8688062,176.5996816,510.8752964,,,57.49663881,,212.71461
11.245174,244.0209676,404.688222,171.9185843,415.391575,236.7000167,497.5869787,174.4229922,506.9934035,,,62.98339946,,444.2249949
11.278391,245.7251642,395.8155627,171.875437,418.4682788,249.9233569,487.9619483,174.219206,505.6330557,,,77.73922112,,47.32170925
11.302362,250.052894,392.1720726,169.9265298,414.376254,249.2053745,483.6697471,172.9469388,503.8115196,,,78.87356981,,-100.5091702
11.355623,254.2274137,401.3161935,172.1649289,409.8007357,238.3203125,475.3417209,169.9695632,502.4233949,,,73.5203509,,0
11.381434,254.2274137,401.3161935,172.1649289,409.8007357,238.3203125,475.3417209,169.9695632,502.4233949,,,73.5203509,,217.5125218
11.415659,250.2770094,376.1822486,173.6797977,407.1595711,241.6095422,473.3189446,166.3464593,503.1644425,,,80.96471696,,-130.73749
11.442586,246.4750654,375.416312,173.4975757,408.2325739,241.7410931,473.8118616,169.5362848,501.8135184,,,77.44434857,,-210.8487986
11.479933,247.4285627,380.389751,174.2889523,409.2543926,231.8184582,471.5716576,167.8997067,499.037041,,,69.56977849,,94.07157065
11.514185,247.3986959,382.9874833,174.5126877,414.3854876,235.6909275,474.556291,169.5434665,504.9401143,,,72.79191792,,-82.01191721
11.550931,245.5947532,394.6931618,176.7508968,412.2846243,242.837807,486.7038546,175.2928548,504.2164701,,,69.77830801,,0
11.576861,245.5947532,394.6931618,176.7508968,412.2846243,242.837807,486.7038546,175.2928548,504.2164701,,,69.77830801,,-78.0649598
11.61301,246.2221091,402.8422149,175.4281486,413.6847185,233.0017327,490.3291434,168.9610249,509.8724009,,,66.95633778,,-268.3693498
11.650502,252.6368327,410.8573991,173.0941642,413.0505229,231.8658044,495.9020094,175.8221554,505.7055189,,,56.89463412,,116.0849324
11.672128,249.2367613,414.9148833,171.641214,415.3995167,235.9180447,500.6906235,176.7635503,506.1413242,,,59.40508687,,-17.47832679
11.708624,242.7384788,416.7017647,173.5865683,415.5444431,236.4599039,504.6977596,177.8622781,509.1589023,,,58.76719785,,-185.3299388
11.75133,245.4501307,419.3850316,177.6605628,416.0552575,233.6553836,510.8350179,182.8341592,512.6181755,,,50.85249749,,0
11.788859,245.4501307,419.3850316,177.6605628,416.0552575,233.6553836,510.8350179,182.8341592,512.6181755,,,50.85249749,,-192.9240184
11.811368,246.3977383,417.9442789,181.0533196,412.6982764,231.588111,507.1761384,185.2987825,511.7011187,,,46.50997076,,244.0931808
11.848908,241.1051876,416.8995471,181.6323033,415.0432043,239.9820267,508.3094829,184.662079,514.5714145,,,55.67322876,,202.1025788
11.882114,241.3113296,415.9043653,180.7079508,414.3568367,241.093446,510.8608949,178.7092466,510.7838339,,,62.384247,,-288.7586305
11.910016,240.9011354,422.2939719,183.5997918,411.3825389,232.1164807,513.047369,177.8761096,509.975225,,,54.32730369,,314.1604946
11.935719,243.437082,417.8344632,182.6760852,410.7399836,235.7207943,514.0135199,173.36042,511.7299596,,,62.40217088,,-49.58384305
11.987188,248.3524213,412.9804536,184.6642449,397.473553,235.6913455,509.7640291,176.822258,498.9719115,,,59.85014006,,0
12.013957,248.3524213,412.9804536,184.6642449,397.473553,235.6913455,509.7640291,176.822258,498.9719115,,,59.85014006,,252.2403138
12.048336,248.3756004,412.2886141,184.0385229,397.1159107,244.1950769,493.7058837,175.6733911,493.5306724,,,68.52190981,,205.3826476
12.074106,250.9918759,414.8339844,183.7896325,393.9807271,243.8965984,491.0105332,170.1457434,487.943025,,,73.81462064,,-223.6836547
12.108346,251.4706575,414.0800553,181.9307439,396.2898985,241.301298,503.9208794,177.2331742,487.4329706,,,66.1556923,,-97.23506798
12.147816,250.67721,412.5696893,184.2760138,394.2087184,240.7939795,502.7752234,182.0900337,481.8621185,,,62.31782417,,-732.8244659
12.186585,252.7778073,411.693975,187.3647252,392.3917802,245.4210238,501.431101,213.4617051,490.104876,,,33.90695245,,187.5743483
12.223038,255.0346547,412.4261688,189.2008527,392.5887266,246.431215,498.099009,206.5582822,489.7161889,,,40.74460017,,0
12.245845,255.0346547,412.4261688,189.2008527,392.5887266,246.431215,498.099009,206.5582822,489.7161889,,,40.74460017,,41.86709444
12.284724,256.561854,413.0107764,188.8511521,392.7953247,245.3028484,497.5077897,203.6673152,489.6402298,,,42.37235093,,492.0969344
12.307667,255.4660901,416.3875167,187.2502736,394.2553426,244.7735287,503.7102535,195.4203779,482.6405186,,,53.6625309,,14.44931235
12.345115,255.3238236,416.9190403,187.8969708,398.2636947,240.4014546,502.9228098,188.8722793,486.1068215,,,54.20362875,,104.320959
12.379381,256.5411068,416.1219069,189.9964281,396.328391,238.1417954,502.7001383,181.0569674,493.775269,,,57.77829073,,-40.36412225
12.422407,256.3915446,412.6328809,191.118601,400.57165,242.3232308,501.9975073,186.431595,497.9006566,,,56.04158401,,0
12.446029,256.3915446,412.6328809,191.118601,400.57165,242.3232308,501.9975073,186.431595,497.9006566,,,56.04158401,,190.4882667
12.484421,256.1528757,415.9692288,189.0488205,407.9828475,246.1762068,506.1343704,182.8506885,508.0606685,,,63.35480954,,-196.0170715
12.517708,258.931329,412.7719176,189.713757,405.181481,243.9485804,507.0166206,187.1213065,506.4610819,,,56.82998929,,-78.60908905
12.544525,259.4900216,415.6898635,187.5590877,412.4120334,244.3647024,507.9909411,189.6725666,509.7964418,,,54.72192934,,0.78540615
12.577728,256.1809946,414.2856274,189.1011825,413.9042361,243.2762342,510.8092169,188.5844024,513.2886977,,,54.74800718,,-58.84899875
12.602722,257.109337,414.3886415,185.417794,412.6511582,244.244855,508.7923304,191.0476198,511.7090604,,,53.27713531,,65.27339637
12.657016,253.3144607,420.0411144,186.1427301,414.8907162,243.2445814,508.1155384,186.5263634,511.5331271,,,56.82108909,,93.22483537
12.68578,257.292908,416.3492522,181.7394212,412.6253192,244.1842853,509.063146,184.6832442,509.4949994,,,59.50260826,,0
12.725291,257.292908,416.3492522,181.7394212,412.6253192,244.1842853,509.063146,184.6832442,509.4949994,,,59.50260826,,127.4793432
12.747825,258.7739011,413.8944325,187.0287801,411.1961181,246.433229,504.9924763,184.0584722,505.234869,,,62.37522778,,-59.86443461
12.784299,255.4272176,414.7670689,187.240356,412.0639287,242.3535156,504.8080314,182.1639789,504.2939111,,,60.19173239,,9.728653702
12.807904,252.7239634,406.042604,187.3841045,411.7325435,241.8468051,496.8662223,181.7327335,502.9523726,,,60.42137726,,179.1966149
12.844379,253.8085178,400.3685858,187.5396325,410.8352839,244.193139,487.60328,179.9287907,506.4024881,,,66.95757379,,21.07814041
12.87857,252.108881,394.4819279,188.6086074,407.7911828,243.411053,482.4616975,179.219396,503.9041221,,,67.67825649,,-188.9961446
12.921645,249.0335451,390.4788196,186.5954827,405.416426,234.6441437,486.4944066,177.1157208,501.8294777,,,59.53724756,,0
12.956829,249.0335451,390.4788196,186.5954827,405.416426,234.6441437,486.4944066,177.1157208,501.8294777,,,59.53724756,,80.54894696
12.98171,249.6905399,383.5197288,184.530832,403.0155262,234.1186618,484.3083506,175.3565783,502.5938564,,,61.54138591,,19.53123949
13.016026,250.3585542,385.1649137,183.8877827,404.3156083,234.1330633,484.6753785,174.7502546,503.2217443,,,62.21161992,,57.39626358
13.041779,252.5854207,384.2338734,183.0122963,404.7068413,235.0152374,482.7294352,174.8377462,503.5873662,,,63.6897459,,135.2673048
13.074953,251.5648559,381.6431329,181.2482901,403.7981062,238.5859603,481.6196498,173.3092359,501.2936603,,,68.17710347,,-104.7500641
13.11904,249.7027374,393.5628572,184.7808624,411.1407922,238.0353234,483.1047468,177.4434582,502.2977338,,,63.55898739,,0
13.153317,249.7027374,393.5628572,184.7808624,411.1407922,238.0353234,483.1047468,177.4434582,502.2977338,,,63.55898739,,90.85966726
13.179104,250.1184795,398.2964494,185.4047605,409.7989877,241.3238312,489.1699599,177.083156,503.8739512,,,65.90198563,,-78.39576462
13.211538,248.5198808,405.0707153,185.1765792,411.8095285,241.8843856,496.8776219,179.1553304,505.7920036,,,63.3592974,,-210.1752764
13.236157,247.6107657,413.7304688,185.1973264,414.1423349,242.0512752,506.5965467,183.8734953,505.6804399,,,58.18499227,,2.500331706
13.288585,253.9411707,413.8845148,181.8264759,413.8213993,241.6034244,515.4557545,183.6081134,509.3476411,,,58.31607966,,0
13.314423,253.9411707,413.8845148,181.8264759,413.8213993,241.6034244,515.4557545,183.6081134,509.3476411,,,58.31607966,,-115.4246376
13.3487,256.1901523,411.146074,186.6478447,417.0954675,241.8963552,509.2655642,187.5708673,511.1930022,,,54.35966936,,-10.14969998
13.373743,255.6060387,412.2720848,188.2196924,418.4506095,242.005677,508.1137144,188.0343735,511.9219282,,,54.10549042,,-67.39920006
13.408752,254.3191801,414.766765,187.4616215,419.6687287,239.8057515,509.0845392,188.125304,511.6866032,,,51.74591183,,133.5440072
13.447139,255.7251262,414.4477292,183.9217154,413.9871869,241.2676313,509.6774304,184.4554809,512.291654,,,56.87226563,,44.94222498
13.469701,254.9845346,419.9346805,182.8926769,409.7050553,239.425804,508.2763102,181.6159639,505.3030004,,,57.88625211,,157.5271309
13.513774,256.1437941,415.9970057,185.6492431,400.3937789,242.0353158,503.4569553,177.8030954,494.6811922,,,64.82894535,,0
13.549034,256.1437941,415.9970057,185.6492431,400.3937789,242.0353158,503.4569553,177.8030954,494.6811922,,,64.82894535,,-11.07436057
13.587437,253.2509652,415.5420112,184.9018118,398.6685691,242.4841926,499.8258527,179.062614,488.6216409,,,64.40365668,,-1079.866404
13.610097,257.2410019,415.3779715,185.6530049,394.6935418,250.1668516,497.0749103,211.0433259,489.0708597,,,39.93388397,,-698.2620242
13.647486,252.7293972,410.5092184,186.14558,395.0090817,249.9248389,497.9338673,236.2390944,499.9021918,,,13.82656515,,-53.77746231
13.680822,253.0276097,401.5733296,188.2235302,384.0731776,250.0883846,495.469852,238.0579706,495.7569689,,,12.03383967,,127.4501697
13.705628,255.0761111,405.3990227,191.8713521,387.0353538,250.2877629,492.6336789,235.9747766,497.7363889,,,15.19536858,,2060.600492
13.735425,251.2987141,407.9027845,192.0379757,390.7048349,247.500304,495.6215041,180.0865607,459.2595224,,,76.59508143,,-524.3441876
13.787819,254.3024608,407.8536524,192.4763269,390.6834798,248.8915066,498.098135,200.2937287,490.936778,,,49.12259206,,235.6589587
13.81566,251.4027541,409.1107581,189.7365561,391.8784959,245.7570449,496.5322912,191.9764181,482.0995334,,,55.68357313,,0
13.850954,251.4027541,409.1107581,189.7365561,391.8784959,245.7570449,496.5322912,191.9764181,482.0995334,,,55.68357313,,186.1071778
13.886652,251.8710102,408.3168926,185.1006961,392.8699538,243.4237445,494.4076787,181.4765853,487.5350727,,,62.32722717,,-32.08488354
13.922254,249.2076164,411.5138619,187.6119437,399.9462321,241.2431603,498.228964,180.0621656,498.9238813,,,61.18494114,,80.05211705
13.957407,251.847717,415.5752219,186.9398255,408.3097489,244.8344024,500.9816163,180.9053152,503.9725195,,,63.99901321,,20.92870456
13.985151,251.2273529,417.9090163,188.4996276,411.4984345,247.9231897,504.5923897,183.5836804,510.156554,,,64.57965919,,0
14.02266,251.2273529,417.9090163,188.4996276,411.4984345,247.9231897,504.5923897,183.5836804,510.156554,,,64.57965919,,-39.94019512
14.045245,252.2334402,414.9570616,186.146416,414.2613464,246.1426541,504.5386217,183.0576666,513.2059369,,,63.67760988,,181.2129439
14.083693,253.5093932,412.5059278,182.7817972,417.0092868,245.7856198,503.7208551,175.8011042,513.3576271,,,70.64488515,,41.66131411
14.105409,253.1483691,410.6745881,178.8458323,417.5748951,246.9514151,504.2879833,176.4548501,516.5182697,,,71.54960225,,-102.308003
14.141734,252.8216956,409.3921753,181.2828687,418.8296449,245.4366032,503.2341698,178.8404745,516.1301906,,,67.83326404,,-42.42785847
14.18258,253.2531691,415.4499407,179.2603204,416.7586865,244.1210558,505.2572501,178.4295583,512.5969343,,,66.10025573,,0
14.221006,253.2531691,415.4499407,179.2603204,416.7586865,244.1210558,505.2572501,178.4295583,512.5969343,,,66.10025573,,61.70923778
14.2563,251.3606518,409.7518315,178.5297415,418.4475316,244.3143923,503.2941695,176.4791312,511.0590193,,,68.27822157,,-183.2794349
14.282112,250.8105849,402.7669777,176.2281698,416.2874286,235.8979815,491.9245121,173.931785,506.0122431,,,63.5474128,,308.1510247
14.317328,253.1348796,398.8514561,172.7064841,416.197904,245.7363357,487.3007737,173.9115508,506.7030946,,,74.39925929,,113.2767787
14.344189,252.86452,386.2165993,178.1282489,418.3186786,246.9148225,480.6226061,173.0784708,503.9775733,,,77.44198684,,41.7397464
14.376306,253.7522039,376.3408545,179.1366732,413.0420492,249.1475027,476.0696209,174.6278803,501.6335573,,,78.78254227,,-137.9269557
14.402237,256.5003344,372.5234451,182.3305645,418.3900778,243.9652617,478.6510138,174.1054763,506.4996504,,,75.20595839,,-4.799803795
14.454751,258.6565236,373.7546358,181.8244619,415.6944613,242.1528833,469.636658,178.8609557,509.7891081,,,74.95390149,,0
14.481461,258.6565236,373.7546358,181.8244619,415.6944613,242.1528833,469.636658,178.8609557,509.7891081,,,74.95390149,,-166.4157937
14.516844,253.3352839,381.667338,180.8514333,414.6744285,242.577479,482.5292589,178.4875441,508.2690905,,,69.06561146,,-69.42910344
14.547581,249.922749,383.0015807,179.5992674,414.8760868,241.6263375,484.0729876,178.8502022,507.2891841,,,66.93156911,,151.6370526
14.585969,251.7575085,384.6218005,181.3448824,412.4567197,246.7150261,481.0588293,178.2743343,505.7329919,,,72.75261228,,-35.38795215
14.621176,251.4741154,390.7573109,183.0951331,411.5596121,242.5026599,481.6585983,176.0896652,508.1637585,,,71.50670865,,-170.8435997
14.647027,249.479496,394.1616002,180.963073,411.6653621,239.7995197,483.4773225,176.4198725,505.4800356,,,67.09023076,,373.667528
14.673852,251.5713157,402.7034822,182.733235,411.277093,244.0484025,490.8246063,170.5534107,514.1705679,,,77.1138622,,-10.82713042
14.712975,252.316923,410.0732612,177.7619619,413.6589555,247.6225453,497.448778,173.1959243,515.9440737,,,76.69027237,,-122.3677267
14.751592,252.8874711,415.2840391,177.8854002,414.9173152,249.8622553,506.874848,178.2278051,513.7623495,,,71.96479787,,-59.36080077
14.776502,250.3365911,422.3769987,180.4259636,418.4306983,246.8071346,509.4580268,176.9035559,518.5014135,,,70.48612032,,-188.5546442
14.808768,250.0626216,421.61338,178.9967625,419.9460801,245.0324888,509.3845376,181.2045917,517.9662041,,,64.40221617,,-4.218869058
14.849476,253.9709615,413.0976411,179.9824067,419.8394942,241.3394106,515.261392,177.110173,515.6599967,,,64.23047445,,0
14.885856,253.9709615,413.0976411,179.9824067,419.8394942,241.3394106,515.261392,177.110173,515.6599967,,,64.23047445,,21.63085908
14.908464,257.4931603,411.9739862,179.766043,418.4777405,243.1411494,514.2512768,178.4236305,513.7442622,,,64.71950491,,-54.44145516
14.946038,253.4821103,418.2787801,179.7874362,412.8616701,242.6704995,512.3389242,180.0414564,514.7102991,,,62.67392168,,84.86981063
14.980202,255.9938518,415.808533,179.1733797,410.5704721,242.5333627,511.7340634,176.9722953,510.4616443,,,65.57341389,,89.22906199
15.023272,255.6903955,413.438792,180.729914,397.2286144,245.6526249,507.7682317,177.0939666,496.8887935,,,69.41650959,,0
15.04794,255.6903955,413.438792,180.729914,397.2286144,245.6526249,507.7682317,177.0939666,496.8887935,,,69.41650959,,169.449259
15.087265,258.8840209,412.9037345,180.8404897,395.8732445,248.6663652,505.5542087,174.3182682,489.4128845,,,76.0801017,,132.9030317
15.114107,259.6393179,413.0939172,181.0109892,393.4512555,251.7410551,506.3345088,175.988817,481.7312515,,,79.64748488,,-1910.935081
15.148335,262.7755274,412.552286,180.4412391,390.0112476,257.0401417,505.7647966,244.5094768,512.5294109,,,14.23999893,,2969.909957
15.174145,261.4155596,412.6615318,181.8713141,384.7543774,256.196802,506.4650717,178.6030976,459.1277435,,,90.89337492,,33.19360095
15.207315,261.379955,413.8862628,186.4987384,385.3484466,252.4387844,506.7466409,183.281554,446.0815905,,,91.99440666,,-2133.034468
15.244814,273.3467595,416.5529244,187.4250289,386.0549535,251.9547209,509.6895139,242.1515154,516.6237156,,,12.00774714,,653.4652016
15.285676,257.1189126,414.2847155,185.9734466,386.4995744,252.8226456,508.8298349,217.5538439,492.8752736,,,38.7096422,,0
15.324064,257.1189126,414.2847155,185.9734466,386.4995744,252.8226456,508.8298349,217.5538439,492.8752736,,,38.7096422,,254.993278
15.345709,259.7574173,414.1486807,185.3870911,385.911433,257.8773255,506.4912147,216.2400444,491.5734816,,,44.22897171,,281.3873796
15.384166,257.6269531,412.0415856,186.7931891,391.5438427,255.1961105,505.0761871,201.6082502,492.4716151,,,55.05028616,,536.3677351
15.404695,258.8489482,414.687614,188.0882554,390.9458217,247.0286661,501.1737749,185.5521188,476.9923775,,,66.0613794,,-435.8608012
15.44218,260.9081651,416.1108873,187.0589889,391.8298197,246.5793334,505.8396158,198.5760807,492.8751216,,,49.72313727,,90.599035
15.48198,258.7352946,417.8797954,194.3896294,405.2848371,247.108425,510.8740044,193.9780292,506.276067,,,53.32897886,,0
15.520483,258.7352946,417.8797954,194.3896294,405.2848371,247.108425,510.8740044,193.9780292,506.276067,,,53.32897886,,289.1882028
15.543062,261.7894273,419.9267388,196.8120364,408.7042878,248.5798045,513.9539382,189.349313,505.3054703,,,59.85855929,,-2.151920146
15.58047,262.1892479,419.505715,193.8431724,413.0248738,249.0581302,515.3803654,189.8616093,507.0624088,,,59.77806026,,-48.1939959
15.614766,265.8617309,416.3593978,190.9031493,411.6357612,249.9258268,513.8307469,192.083764,508.1006049,,,58.12519898,,-50.09413033
15.639631,264.1355332,416.1062515,190.2460406,412.8039123,248.6119893,515.5562986,191.9381156,510.7228842,,,56.87960843,,33.26764639
15.674087,263.5302544,421.4888588,192.8343492,412.4530718,250.6614026,515.2621519,192.8240896,510.5879894,,,58.02587845,,-156.1427717
15.700595,263.3207305,418.0106244,191.5903149,412.5558579,250.3043303,509.6425097,196.4280612,508.5749027,,,53.88684586,,116.0998423
15.735811,259.7000775,413.6955861,194.6778484,413.2000091,253.9964205,500.5259758,196.1334585,504.1352292,,,57.97541791,,0
15.760747,259.7000775,413.6955861,194.6778484,413.2000091,253.9964205,500.5259758,196.1334585,504.1352292,,,57.97541791,,229.2748761
15.794903,262.1905399,408.8636916,192.8752356,412.1158348,258.488342,498.4775505,192.7167057,500.6202882,,,65.80653058,,4.431303414
15.831713,257.4787208,405.3765655,186.6185098,409.530186,253.098363,497.6761992,187.1741625,500.1244832,,,65.96964685,,-227.528622
15.858232,256.8661463,399.1330253,191.4148757,409.530376,247.3765047,492.812994,187.8427468,499.7436238,,,59.93581533,,404.5892247
15.897001,257.4831666,393.957738,190.3721957,408.3371839,260.6706362,478.3251383,187.6633937,498.0362734,,,75.62133498,,0
15.931233,257.4831666,393.957738,190.3721957,408.3371839,260.6706362,478.3251383,187.6633937,498.0362734,,,75.62133498,,-305.2267179
15.967695,252.0935296,400.9581712,193.2391856,410.5139683,253.7153453,475.9356381,194.1593203,500.6807059,,,64.49215839,,549.4927754
15.989338,257.2409259,397.8493206,192.0660567,411.119399,262.2455998,476.5900869,190.7683685,503.5279365,,,76.38483053,,-63.21910899
16.023929,257.4129073,391.0980438,191.0262266,411.1621094,260.2915248,469.7786965,193.2373237,501.5447167,,,74.19801833,,9.835986932
16.066545,258.6475559,392.8722337,190.2254833,411.509758,255.3032284,468.3548152,190.4669641,505.286965,,,74.61718875,,0
16.104998,258.6475559,392.8722337,190.2254833,411.509758,255.3032284,468.3548152,190.4669641,505.286965,,,74.61718875,,-252.4421742
16.128615,257.3492598,395.676602,189.0184597,410.3925249,249.2262737,472.7741215,187.0382037,501.8634484,,,68.65526192,,-200.733109
16.166065,252.7328551,394.6129469,190.7229602,407.6592139,244.2753298,477.6735773,187.3752128,500.0389105,,,61.13780699,,-190.1921107
16.201389,247.6384667,399.3434232,190.8919018,408.488722,239.2630183,481.092648,188.0968811,499.6265123,,,54.41946087,,134.1865642
16.228133,249.9060296,403.1196422,191.0092412,408.151105,245.5433791,485.8295841,188.6732809,497.2636111,,,58.00814635,,-121.6444272
16.253945,255.7261901,406.4260092,191.6809415,409.375836,246.8594206,491.4725575,192.4768589,498.7569917,,,54.86826039,,151.2231925
16.288189,255.5819097,413.7715832,191.379917,415.7625927,250.1625578,503.1335117,190.1212153,502.3278666,,,60.0467474,,-185.5629536
16.339608,257.1563792,418.1744361,189.9529198,414.1159639,248.1792619,504.2990409,197.6758952,503.8587518,,,50.50528589,,0
16.363436,257.1563792,418.1744361,189.9529198,414.1159639,248.1792619,504.2990409,197.6758952,503.8587518,,,50.50528589,,17.990179
16.39761,255.1247112,422.4127174,187.9983889,414.1568504,245.2250654,506.7554946,194.3551268,501.7045385,,,51.12008226,,-154.0506699
16.423572,256.8468811,418.2317759,191.5745835,413.6428061,246.2331286,504.4928715,199.1654,502.2609132,,,47.12061877,,65.97665302
16.456739,256.5701757,418.1949933,191.8918714,413.3450116,248.1398574,505.9001854,198.8520641,504.4587488,,,49.30886642,,74.63427248
16.500724,258.4195267,421.8699082,187.5546799,410.2966546,248.593446,507.1067531,196.0057454,506.4618419,,,52.5916549,,0
16.535913,258.4195267,421.8699082,187.5546799,410.2966546,248.593446,507.1067531,196.0057454,506.4618419,,,52.5916549,,220.8276343
16.560782,259.7271325,415.286243,190.6064947,402.3589494,249.6322501,497.7195556,191.5577122,496.7039686,,,58.08341733,,282.4549682
16.600273,264.0063002,408.2992613,188.4149289,390.8666327,248.437614,491.7512768,179.2475529,489.1793455,,,69.23784648,,56.44856595
16.63452,262.3305645,406.5812333,187.161129,388.8170294,245.391233,489.895314,174.5449675,483.1038728,,,71.17104052,,-845.3988699
16.659413,257.9069264,407.1894379,188.2220483,390.9731046,247.8692318,495.9032253,198.1065327,489.8747568,,,50.12652645,,71.49374198
16.692653,257.1023073,408.8910506,193.5217428,389.9150353,251.5578642,496.8600666,199.7028134,488.6371443,,,52.50297844,,-320.4825461
16.733337,258.1060007,411.327441,199.6417498,390.3853432,245.3454447,495.0741352,206.7130122,487.0131627,,,39.46446653,,0
16.769975,258.1060007,411.327441,199.6417498,390.3853432,245.3454447,495.0741352,206.7130122,487.0131627,,,39.46446653,,146.8243108
16.792514,259.2643482,409.5760123,200.5245319,393.6824006,248.462617,493.7177392,206.1432621,487.49962,,,42.77373967,,-15.32161587
16.829974,254.9907284,408.4804763,198.8613357,389.1502006,245.4893832,492.7385168,203.5560934,488.0033667,,,42.19979194,,444.1858831
16.856835,253.8474663,411.9307059,197.0490333,399.8210269,248.5261506,497.5219252,194.9047757,490.1110697,,,54.13106895,,96.47658336
16.907347,253.9187135,413.2666586,193.880905,394.8759728,243.7620835,496.4293151,185.0576818,490.4879393,,,59.00429413,,0
16.931071,253.9187135,413.2666586,193.880905,394.8759728,243.7620835,496.4293151,185.0576818,490.4879393,,,59.00429413,,-130.1689971
16.969329,257.3509317,409.4446513,191.8041707,398.1969692,249.2150641,492.8228736,195.3434308,496.8813078,,,54.02428864,,-220.2083128
16.995049,260.858197,412.7035582,198.7393604,402.5560098,249.8517297,497.6391507,201.5300112,499.5762783,,,48.36053083,,-50.03313705
17.027331,262.2275125,416.7752538,198.4502675,408.5820844,248.6131673,502.5202532,201.9059688,504.4087427,,,46.7453611,,-19.07259625
17.060546,265.1905247,417.4501459,195.5108144,414.1797635,249.1861853,505.7827319,203.1726122,508.7919124,,,46.11186481,,63.56136286
17.104533,260.2476745,416.5321012,190.808153,416.614786,245.7216303,510.337503,196.8284518,511.5308092,,,48.90773848,,0
17.139037,260.2476745,416.5321012,190.808153,416.614786,245.7216303,510.337503,196.8284518,511.5308092,,,48.90773848,,194.7656103
17.163764,260.1090558,416.2793729,188.125798,411.8932773,247.9492188,509.0981046,194.2766978,511.4427286,,,53.72370773,,-128.8216119
17.198844,258.4294443,415.7631627,188.3677727,414.9563397,246.900117,507.6880548,197.9075723,512.2517935,,,49.20464558,,200.1944526
17.224694,253.6001338,421.7399912,185.7965254,417.2191908,246.1262768,512.6456104,191.8148103,509.922863,,,54.37967218,,163.6638441
17.257859,256.92588,412.9018346,188.3295841,413.1832138,250.6664564,503.7001459,190.859223,503.4954858,,,59.80758357,,-12.67810574
17.301892,249.4896036,413.5279365,184.688108,407.4284107,247.4417482,493.5016415,188.8970544,502.6121717,,,59.24932854,,0
17.336129,249.4896036,413.5279365,184.688108,407.4284107,247.4417482,493.5016415,188.8970544,502.6121717,,,59.24932854,,69.26020683
17.362019,249.3841956,405.3196057,189.0411068,409.6321741,248.6069355,487.81193,189.2925052,502.2335162,,,61.0424753,,-54.19501281
17.396167,248.0772738,401.6031584,188.8667315,411.589365,248.3109649,482.3673091,189.9958202,492.5169853,,,59.191824,,-476.3133843
17.422029,251.2157633,399.5201924,189.5798501,413.4731806,234.9724131,490.4384272,188.1866716,493.3038591,,,46.87340725,,794.3408087
17.458456,250.9293683,399.8389622,188.3806542,412.0898058,262.2023194,469.9897784,189.9237369,492.8543744,,,75.80885989,,134.6919865
17.499288,243.7973082,405.2520823,187.551488,412.6717914,263.6738889,463.1271279,192.1015093,501.7079964,,,81.30860309,,0
17.534515,243.7973082,405.2520823,187.551488,412.6717914,263.6738889,463.1271279,192.1015093,501.7079964,,,81.30860309,,-383.8556152
17.559353,241.9130365,407.1656508,187.2292224,415.3743236,255.5743859,467.1715786,191.5482885,499.609565,,,71.77439732,,-5.732604384
17.593591,243.8066178,396.743677,188.1416434,410.4851274,253.9427286,458.8126596,193.0110804,496.3727733,,,71.57812441,,-243.6454528
17.630999,248.542452,389.2664002,187.2614072,405.2729815,249.5626748,471.5194477,190.6909655,492.39653,,,62.46383531,,257.5343037
17.652598,252.2445358,396.3257311,186.615128,411.2786129,253.1552848,478.1352216,188.2964874,498.6514698,,,68.02631873,,-151.4839334
17.708277,248.8673015,402.7689537,187.5048258,409.2507068,243.9031721,488.2459114,185.9339661,502.057469,,,59.59184481,,0
17.730835,248.8673015,402.7689537,187.5048258,409.2507068,243.9031721,488.2459114,185.9339661,502.057469,,,59.59184481,,-13.73883371
17.768345,248.3304201,406.250418,187.1332381,407.1553532,244.5031691,492.7426967,186.6812454,504.8529456,,,59.07650116,,-95.41967627
17.788962,251.2614376,411.276903,183.7850347,409.1252736,245.0858387,500.9789184,188.4424398,508.2583369,,,57.10923369,,-55.958024
17.825408,251.3218172,416.7914792,183.2743343,411.3331408,246.1302666,505.6395534,191.4565601,512.2325283,,,55.06978755,,-20.33119121
17.866154,255.3884211,419.42683,188.0518148,415.0354526,244.9621915,508.202593,190.9145489,512.7828611,,,54.24137283,,0
17.904707,255.3884211,419.42683,188.0518148,415.0354526,244.9621915,508.202593,190.9145489,512.7828611,,,54.24137283,,20.87984537
17.926268,257.0180645,417.3139971,193.1375015,411.5797893,247.4817987,507.1580131,192.9640002,511.5142419,,,54.69156318,,-235.7997042
17.963959,255.8004013,418.5597793,193.3618069,412.4697912,241.9559749,507.6489543,196.3505061,511.9093507,,,45.80403652,,-253.4758675
17.997359,258.8874787,417.4266628,187.0279441,410.6608706,244.2868814,508.5606153,206.9612567,509.5196224,,,37.33794255,,-236.7342097
18.023773,256.2666054,416.4962685,185.7323459,407.4577076,243.54211,509.9971121,212.4577836,510.1766932,,,31.08484514,,653.2219208
18.075239,257.5535019,412.8560843,187.135062,398.9967245,247.1048912,505.7565129,183.0070525,496.9237141,,,64.70356451,,0
18.101004,257.5535019,412.8560843,187.135062,398.9967245,247.1048912,505.7565129,183.0070525,496.9237141,,,64.70356451,,69.10933607
18.135273,258.6359664,410.6751581,187.2319583,392.291046,247.3823185,500.5289017,181.2517479,489.3314157,,,67.07187235,,-690.0750773
18.161065,257.0070069,411.9117446,188.9138117,391.1669352,248.1102946,502.13643,200.2215315,490.5372994,,,49.27345596,,-1122.696611
18.195295,256.5932028,411.9369756,200.2178836,393.4341181,249.3456271,503.8084418,243.7741671,513.1112065,,,10.84355097,,-53.07702878
18.221154,255.8787923,409.739254,199.5642707,387.3492978,248.8431344,502.1221045,242.1678548,508.8408165,,,9.471032081,,-36.01187825
18.271677,261.6641081,410.6757661,208.8326088,402.1051192,254.3657284,503.4318382,249.8660171,509.6205086,,,7.651603956,,0
18.297457,261.6641081,410.6757661,208.8326088,402.1051192,254.3657284,503.4318382,249.8660171,509.6205086,,,7.651603956,,85.48310324
18.332654,259.661395,407.4463081,210.1748313,399.2590665,250.1253952,500.5645443,245.1459904,509.9905004,,,10.66035274,,-3.984787305
18.358483,257.9367932,408.95903,204.8566315,404.4372416,248.8002721,504.3202061,248.8250471,514.8776067,,,10.55742967,,-13.01517195
18.391668,258.5622112,411.9645246,199.9921723,393.7601076,250.547559,505.5177301,244.9137813,513.931215,,,10.12552119,,991.9335742
18.429098,257.8663059,412.6869908,195.4822395,394.74085,251.0007676,507.4824067,205.9321802,493.2794261,,,47.25359487,,192.5814764
18.470066,255.313792,408.8508101,193.2595528,395.4505867,245.3078262,495.6937014,190.4386552,490.2023802,,,55.1432728,,0
18.495752,255.313792,408.8508101,193.2595528,395.4505867,245.3078262,495.6937014,190.4386552,490.2023802,,,55.1432728,,-24.32658637
18.529933,255.0087777,410.9157648,192.7446726,398.4335482,245.442037,500.1378587,191.3929885,494.8022936,,,54.31176575,,35.75025623
18.566481,254.5620288,412.395884,190.9872781,404.1364452,246.6747857,505.5440631,191.4733554,498.7466561,,,55.61836611,,84.879095
18.588039,256.6001566,416.3742172,194.5819021,408.1009469,246.0538515,512.5648255,188.9667437,506.1339145,,,57.44818964,,-21.12363506
18.6186,254.8678031,419.6289822,188.8415005,411.2919884,243.7474921,515.3602642,186.9480332,515.9604891,,,56.80263023,,3.050853997
